ISO-10303-21;
HEADER;
/* Generated by software containing ST-Developer
 * from STEP Tools, Inc. (www.steptools.com) 
 */
/* OPTION: using custom renumber hook */

FILE_DESCRIPTION(
/* description */ ('STEP AP242 Edition 2',
'CAx-IF Rec.Pracs.---Representation and Presentation of Product Manufa
cturing Information (PMI)---4.0---2014-10-13',
'CAx-IF Rec.Pracs.---3D Tessellated Geometry---0.4---2014-09-14','2;1',
'CAx-IF Rec.Pracs.---User Defined Attributes---1.5---2016-08-15'),
/* implementation_level */ '2;1');

FILE_NAME(
/* name */ '6aa8c2c64c1d95707dbc070c',
/* time_stamp */ '2026-09-15T04:00:06Z',
/* author */ (''),
/* organization */ (''),
/* preprocessor_version */ 'ST-DEVELOPER v20',
/* originating_system */ 'ONSHAPE BY PTC INC, 1.220',
/* authorisation */ '  ');

FILE_SCHEMA (('AP242_MANAGED_MODEL_BASED_3D_ENGINEERING_MIM_LF { 1 0 10303 442 3 1 4 }'));
ENDSEC;

DATA;
#10=COLOUR_RGB('',0.349019607843138,0.376470588235294,0.4);
#11=CONTEXT_DEPENDENT_SHAPE_REPRESENTATION(#19,#4807);
#12=CONTEXT_DEPENDENT_SHAPE_REPRESENTATION(#20,#4809);
#13=CONTEXT_DEPENDENT_SHAPE_REPRESENTATION(#21,#4810);
#14=CONTEXT_DEPENDENT_SHAPE_REPRESENTATION(#22,#4811);
#15=NEXT_ASSEMBLY_USAGE_OCCURRENCE('NAUO1','Part 6','Part 6',#4812,#4813,
'');
#16=NEXT_ASSEMBLY_USAGE_OCCURRENCE('NAUO2','Part 7','Part 7',#4812,#4814,
'');
#17=NEXT_ASSEMBLY_USAGE_OCCURRENCE('NAUO3','Part 6','Part 6',#4812,#4813,
'');
#18=NEXT_ASSEMBLY_USAGE_OCCURRENCE('NAUO4','Part 7','Part 7',#4812,#4814,
'');
#19=(
REPRESENTATION_RELATIONSHIP(' ',' ',#3047,#3046)
REPRESENTATION_RELATIONSHIP_WITH_TRANSFORMATION(#23)
SHAPE_REPRESENTATION_RELATIONSHIP()
);
#20=(
REPRESENTATION_RELATIONSHIP(' ',' ',#3048,#3046)
REPRESENTATION_RELATIONSHIP_WITH_TRANSFORMATION(#24)
SHAPE_REPRESENTATION_RELATIONSHIP()
);
#21=(
REPRESENTATION_RELATIONSHIP(' ',' ',#3047,#3046)
REPRESENTATION_RELATIONSHIP_WITH_TRANSFORMATION(#25)
SHAPE_REPRESENTATION_RELATIONSHIP()
);
#22=(
REPRESENTATION_RELATIONSHIP(' ',' ',#3048,#3046)
REPRESENTATION_RELATIONSHIP_WITH_TRANSFORMATION(#26)
SHAPE_REPRESENTATION_RELATIONSHIP()
);
#23=ITEM_DEFINED_TRANSFORMATION(' ',' ',#3049,#3168);
#24=ITEM_DEFINED_TRANSFORMATION(' ',' ',#3049,#3224);
#25=ITEM_DEFINED_TRANSFORMATION(' ',' ',#3049,#3225);
#26=ITEM_DEFINED_TRANSFORMATION(' ',' ',#3049,#3226);
#27=SHAPE_REPRESENTATION_RELATIONSHIP('','',#3047,#29);
#28=SHAPE_REPRESENTATION_RELATIONSHIP('','',#3048,#30);
#29=ADVANCED_BREP_SHAPE_REPRESENTATION('',(#3041),#4797);
#30=ADVANCED_BREP_SHAPE_REPRESENTATION('',(#3042),#4798);
#31=CYLINDRICAL_SURFACE('',#3079,0.00368052421933977);
#32=CYLINDRICAL_SURFACE('',#3080,0.0064060704149464);
#33=CYLINDRICAL_SURFACE('',#3098,0.002778725835833);
#34=CYLINDRICAL_SURFACE('',#3099,0.00376701545291197);
#35=CYLINDRICAL_SURFACE('',#3121,0.00215713365870426);
#36=CYLINDRICAL_SURFACE('',#3216,0.00275564418939375);
#37=CYLINDRICAL_SURFACE('',#3219,0.00285856871043002);
#38=CYLINDRICAL_SURFACE('',#3222,0.014422115054507);
#39=CYLINDRICAL_SURFACE('',#3223,0.014422115054507);
#40=CIRCLE('',#3053,0.00215713365870426);
#41=CIRCLE('',#3055,0.00376701545291197);
#42=CIRCLE('',#3056,0.002778725835833);
#43=CIRCLE('',#3060,0.0064060704149464);
#44=CIRCLE('',#3061,0.00368052421933977);
#45=CIRCLE('',#3064,0.0064060704149464);
#46=CIRCLE('',#3065,0.00368052421933977);
#47=CIRCLE('',#3067,0.002778725835833);
#48=CIRCLE('',#3100,0.00376701545291197);
#49=CIRCLE('',#3122,0.00215713365870426);
#50=CIRCLE('',#3170,0.014422115054507);
#51=CIRCLE('',#3171,0.014422115054507);
#52=CIRCLE('',#3172,0.00275564418939375);
#53=CIRCLE('',#3173,0.00285856871043002);
#54=CIRCLE('',#3179,0.014422115054507);
#55=CIRCLE('',#3180,0.014422115054507);
#56=CIRCLE('',#3217,0.00275564418939375);
#57=CIRCLE('',#3220,0.00285856871043002);
#58=ORIENTED_EDGE('',*,*,#856,.F.);
#59=ORIENTED_EDGE('',*,*,#857,.F.);
#60=ORIENTED_EDGE('',*,*,#858,.T.);
#61=ORIENTED_EDGE('',*,*,#859,.T.);
#62=ORIENTED_EDGE('',*,*,#860,.F.);
#63=ORIENTED_EDGE('',*,*,#861,.T.);
#64=ORIENTED_EDGE('',*,*,#862,.T.);
#65=ORIENTED_EDGE('',*,*,#863,.F.);
#66=ORIENTED_EDGE('',*,*,#864,.F.);
#67=ORIENTED_EDGE('',*,*,#865,.T.);
#68=ORIENTED_EDGE('',*,*,#866,.T.);
#69=ORIENTED_EDGE('',*,*,#867,.F.);
#70=ORIENTED_EDGE('',*,*,#868,.F.);
#71=ORIENTED_EDGE('',*,*,#869,.T.);
#72=ORIENTED_EDGE('',*,*,#870,.T.);
#73=ORIENTED_EDGE('',*,*,#871,.F.);
#74=ORIENTED_EDGE('',*,*,#872,.F.);
#75=ORIENTED_EDGE('',*,*,#873,.T.);
#76=ORIENTED_EDGE('',*,*,#874,.T.);
#77=ORIENTED_EDGE('',*,*,#875,.F.);
#78=ORIENTED_EDGE('',*,*,#876,.F.);
#79=ORIENTED_EDGE('',*,*,#877,.T.);
#80=ORIENTED_EDGE('',*,*,#878,.T.);
#81=ORIENTED_EDGE('',*,*,#879,.F.);
#82=ORIENTED_EDGE('',*,*,#880,.F.);
#83=ORIENTED_EDGE('',*,*,#881,.T.);
#84=ORIENTED_EDGE('',*,*,#882,.T.);
#85=ORIENTED_EDGE('',*,*,#883,.F.);
#86=ORIENTED_EDGE('',*,*,#884,.F.);
#87=ORIENTED_EDGE('',*,*,#885,.T.);
#88=ORIENTED_EDGE('',*,*,#886,.T.);
#89=ORIENTED_EDGE('',*,*,#887,.F.);
#90=ORIENTED_EDGE('',*,*,#888,.F.);
#91=ORIENTED_EDGE('',*,*,#889,.T.);
#92=ORIENTED_EDGE('',*,*,#890,.T.);
#93=ORIENTED_EDGE('',*,*,#891,.F.);
#94=ORIENTED_EDGE('',*,*,#892,.F.);
#95=ORIENTED_EDGE('',*,*,#893,.T.);
#96=ORIENTED_EDGE('',*,*,#894,.T.);
#97=ORIENTED_EDGE('',*,*,#895,.F.);
#98=ORIENTED_EDGE('',*,*,#896,.F.);
#99=ORIENTED_EDGE('',*,*,#897,.T.);
#100=ORIENTED_EDGE('',*,*,#898,.T.);
#101=ORIENTED_EDGE('',*,*,#899,.F.);
#102=ORIENTED_EDGE('',*,*,#900,.F.);
#103=ORIENTED_EDGE('',*,*,#901,.T.);
#104=ORIENTED_EDGE('',*,*,#902,.T.);
#105=ORIENTED_EDGE('',*,*,#903,.F.);
#106=ORIENTED_EDGE('',*,*,#904,.F.);
#107=ORIENTED_EDGE('',*,*,#905,.T.);
#108=ORIENTED_EDGE('',*,*,#906,.T.);
#109=ORIENTED_EDGE('',*,*,#907,.F.);
#110=ORIENTED_EDGE('',*,*,#908,.F.);
#111=ORIENTED_EDGE('',*,*,#909,.T.);
#112=ORIENTED_EDGE('',*,*,#910,.T.);
#113=ORIENTED_EDGE('',*,*,#911,.F.);
#114=ORIENTED_EDGE('',*,*,#912,.F.);
#115=ORIENTED_EDGE('',*,*,#913,.T.);
#116=ORIENTED_EDGE('',*,*,#914,.T.);
#117=ORIENTED_EDGE('',*,*,#915,.F.);
#118=ORIENTED_EDGE('',*,*,#916,.F.);
#119=ORIENTED_EDGE('',*,*,#917,.T.);
#120=ORIENTED_EDGE('',*,*,#918,.T.);
#121=ORIENTED_EDGE('',*,*,#919,.F.);
#122=ORIENTED_EDGE('',*,*,#920,.F.);
#123=ORIENTED_EDGE('',*,*,#921,.T.);
#124=ORIENTED_EDGE('',*,*,#922,.T.);
#125=ORIENTED_EDGE('',*,*,#923,.F.);
#126=ORIENTED_EDGE('',*,*,#924,.T.);
#127=ORIENTED_EDGE('',*,*,#925,.F.);
#128=ORIENTED_EDGE('',*,*,#926,.F.);
#129=ORIENTED_EDGE('',*,*,#927,.T.);
#130=ORIENTED_EDGE('',*,*,#928,.F.);
#131=ORIENTED_EDGE('',*,*,#929,.T.);
#132=ORIENTED_EDGE('',*,*,#930,.T.);
#133=ORIENTED_EDGE('',*,*,#931,.F.);
#134=ORIENTED_EDGE('',*,*,#932,.F.);
#135=ORIENTED_EDGE('',*,*,#933,.T.);
#136=ORIENTED_EDGE('',*,*,#934,.T.);
#137=ORIENTED_EDGE('',*,*,#935,.F.);
#138=ORIENTED_EDGE('',*,*,#936,.F.);
#139=ORIENTED_EDGE('',*,*,#937,.T.);
#140=ORIENTED_EDGE('',*,*,#938,.T.);
#141=ORIENTED_EDGE('',*,*,#939,.F.);
#142=ORIENTED_EDGE('',*,*,#940,.F.);
#143=ORIENTED_EDGE('',*,*,#941,.T.);
#144=ORIENTED_EDGE('',*,*,#942,.T.);
#145=ORIENTED_EDGE('',*,*,#943,.F.);
#146=ORIENTED_EDGE('',*,*,#944,.F.);
#147=ORIENTED_EDGE('',*,*,#945,.T.);
#148=ORIENTED_EDGE('',*,*,#946,.T.);
#149=ORIENTED_EDGE('',*,*,#947,.F.);
#150=ORIENTED_EDGE('',*,*,#948,.F.);
#151=ORIENTED_EDGE('',*,*,#949,.T.);
#152=ORIENTED_EDGE('',*,*,#950,.T.);
#153=ORIENTED_EDGE('',*,*,#951,.F.);
#154=ORIENTED_EDGE('',*,*,#952,.T.);
#155=ORIENTED_EDGE('',*,*,#953,.T.);
#156=ORIENTED_EDGE('',*,*,#954,.T.);
#157=ORIENTED_EDGE('',*,*,#955,.T.);
#158=ORIENTED_EDGE('',*,*,#956,.T.);
#159=ORIENTED_EDGE('',*,*,#957,.T.);
#160=ORIENTED_EDGE('',*,*,#958,.T.);
#161=ORIENTED_EDGE('',*,*,#959,.T.);
#162=ORIENTED_EDGE('',*,*,#960,.F.);
#163=ORIENTED_EDGE('',*,*,#961,.F.);
#164=ORIENTED_EDGE('',*,*,#962,.T.);
#165=ORIENTED_EDGE('',*,*,#925,.T.);
#166=ORIENTED_EDGE('',*,*,#963,.F.);
#167=ORIENTED_EDGE('',*,*,#964,.F.);
#168=ORIENTED_EDGE('',*,*,#965,.F.);
#169=ORIENTED_EDGE('',*,*,#966,.F.);
#170=ORIENTED_EDGE('',*,*,#967,.F.);
#171=ORIENTED_EDGE('',*,*,#968,.F.);
#172=ORIENTED_EDGE('',*,*,#969,.F.);
#173=ORIENTED_EDGE('',*,*,#970,.F.);
#174=ORIENTED_EDGE('',*,*,#971,.F.);
#175=ORIENTED_EDGE('',*,*,#972,.F.);
#176=ORIENTED_EDGE('',*,*,#973,.F.);
#177=ORIENTED_EDGE('',*,*,#974,.F.);
#178=ORIENTED_EDGE('',*,*,#975,.F.);
#179=ORIENTED_EDGE('',*,*,#976,.F.);
#180=ORIENTED_EDGE('',*,*,#977,.F.);
#181=ORIENTED_EDGE('',*,*,#978,.F.);
#182=ORIENTED_EDGE('',*,*,#979,.F.);
#183=ORIENTED_EDGE('',*,*,#980,.T.);
#184=ORIENTED_EDGE('',*,*,#981,.F.);
#185=ORIENTED_EDGE('',*,*,#982,.F.);
#186=ORIENTED_EDGE('',*,*,#983,.F.);
#187=ORIENTED_EDGE('',*,*,#984,.F.);
#188=ORIENTED_EDGE('',*,*,#985,.T.);
#189=ORIENTED_EDGE('',*,*,#986,.T.);
#190=ORIENTED_EDGE('',*,*,#987,.F.);
#191=ORIENTED_EDGE('',*,*,#927,.F.);
#192=ORIENTED_EDGE('',*,*,#988,.T.);
#193=ORIENTED_EDGE('',*,*,#989,.T.);
#194=ORIENTED_EDGE('',*,*,#990,.F.);
#195=ORIENTED_EDGE('',*,*,#991,.F.);
#196=ORIENTED_EDGE('',*,*,#992,.F.);
#197=ORIENTED_EDGE('',*,*,#993,.F.);
#198=ORIENTED_EDGE('',*,*,#994,.T.);
#199=ORIENTED_EDGE('',*,*,#995,.T.);
#200=ORIENTED_EDGE('',*,*,#996,.F.);
#201=ORIENTED_EDGE('',*,*,#997,.F.);
#202=ORIENTED_EDGE('',*,*,#998,.T.);
#203=ORIENTED_EDGE('',*,*,#996,.T.);
#204=ORIENTED_EDGE('',*,*,#999,.F.);
#205=ORIENTED_EDGE('',*,*,#1000,.F.);
#206=ORIENTED_EDGE('',*,*,#1001,.F.);
#207=ORIENTED_EDGE('',*,*,#1002,.F.);
#208=ORIENTED_EDGE('',*,*,#1003,.F.);
#209=ORIENTED_EDGE('',*,*,#1004,.T.);
#210=ORIENTED_EDGE('',*,*,#1005,.T.);
#211=ORIENTED_EDGE('',*,*,#1006,.T.);
#212=ORIENTED_EDGE('',*,*,#1007,.T.);
#213=ORIENTED_EDGE('',*,*,#1008,.T.);
#214=ORIENTED_EDGE('',*,*,#1009,.T.);
#215=ORIENTED_EDGE('',*,*,#1010,.T.);
#216=ORIENTED_EDGE('',*,*,#1011,.T.);
#217=ORIENTED_EDGE('',*,*,#1012,.T.);
#218=ORIENTED_EDGE('',*,*,#1013,.T.);
#219=ORIENTED_EDGE('',*,*,#1014,.T.);
#220=ORIENTED_EDGE('',*,*,#1015,.T.);
#221=ORIENTED_EDGE('',*,*,#1016,.T.);
#222=ORIENTED_EDGE('',*,*,#1017,.T.);
#223=ORIENTED_EDGE('',*,*,#1018,.T.);
#224=ORIENTED_EDGE('',*,*,#1019,.T.);
#225=ORIENTED_EDGE('',*,*,#1020,.T.);
#226=ORIENTED_EDGE('',*,*,#1021,.T.);
#227=ORIENTED_EDGE('',*,*,#1022,.T.);
#228=ORIENTED_EDGE('',*,*,#1023,.T.);
#229=ORIENTED_EDGE('',*,*,#859,.F.);
#230=ORIENTED_EDGE('',*,*,#1024,.F.);
#231=ORIENTED_EDGE('',*,*,#1003,.T.);
#232=ORIENTED_EDGE('',*,*,#1025,.T.);
#233=ORIENTED_EDGE('',*,*,#1026,.T.);
#234=ORIENTED_EDGE('',*,*,#1027,.F.);
#235=ORIENTED_EDGE('',*,*,#1028,.T.);
#236=ORIENTED_EDGE('',*,*,#999,.T.);
#237=ORIENTED_EDGE('',*,*,#995,.F.);
#238=ORIENTED_EDGE('',*,*,#1029,.F.);
#239=ORIENTED_EDGE('',*,*,#1030,.T.);
#240=ORIENTED_EDGE('',*,*,#1031,.T.);
#241=ORIENTED_EDGE('',*,*,#1032,.F.);
#242=ORIENTED_EDGE('',*,*,#1033,.T.);
#243=ORIENTED_EDGE('',*,*,#989,.F.);
#244=ORIENTED_EDGE('',*,*,#1034,.F.);
#245=ORIENTED_EDGE('',*,*,#961,.T.);
#246=ORIENTED_EDGE('',*,*,#1035,.F.);
#247=ORIENTED_EDGE('',*,*,#1036,.T.);
#248=ORIENTED_EDGE('',*,*,#1005,.F.);
#249=ORIENTED_EDGE('',*,*,#1037,.F.);
#250=ORIENTED_EDGE('',*,*,#857,.T.);
#251=ORIENTED_EDGE('',*,*,#962,.F.);
#252=ORIENTED_EDGE('',*,*,#1034,.T.);
#253=ORIENTED_EDGE('',*,*,#988,.F.);
#254=ORIENTED_EDGE('',*,*,#926,.T.);
#255=ORIENTED_EDGE('',*,*,#1004,.F.);
#256=ORIENTED_EDGE('',*,*,#1024,.T.);
#257=ORIENTED_EDGE('',*,*,#858,.F.);
#258=ORIENTED_EDGE('',*,*,#1037,.T.);
#259=ORIENTED_EDGE('',*,*,#960,.T.);
#260=ORIENTED_EDGE('',*,*,#924,.F.);
#261=ORIENTED_EDGE('',*,*,#987,.T.);
#262=ORIENTED_EDGE('',*,*,#1033,.F.);
#263=ORIENTED_EDGE('',*,*,#1002,.T.);
#264=ORIENTED_EDGE('',*,*,#1036,.F.);
#265=ORIENTED_EDGE('',*,*,#856,.T.);
#266=ORIENTED_EDGE('',*,*,#1023,.F.);
#267=ORIENTED_EDGE('',*,*,#1030,.F.);
#268=ORIENTED_EDGE('',*,*,#1038,.F.);
#269=ORIENTED_EDGE('',*,*,#1039,.T.);
#270=ORIENTED_EDGE('',*,*,#1040,.T.);
#271=ORIENTED_EDGE('',*,*,#1041,.F.);
#272=ORIENTED_EDGE('',*,*,#1042,.T.);
#273=ORIENTED_EDGE('',*,*,#1043,.F.);
#274=ORIENTED_EDGE('',*,*,#1038,.T.);
#275=ORIENTED_EDGE('',*,*,#1029,.T.);
#276=ORIENTED_EDGE('',*,*,#1044,.F.);
#277=ORIENTED_EDGE('',*,*,#1045,.T.);
#278=ORIENTED_EDGE('',*,*,#1044,.T.);
#279=ORIENTED_EDGE('',*,*,#1032,.T.);
#280=ORIENTED_EDGE('',*,*,#1046,.F.);
#281=ORIENTED_EDGE('',*,*,#1047,.F.);
#282=ORIENTED_EDGE('',*,*,#1048,.T.);
#283=ORIENTED_EDGE('',*,*,#1046,.T.);
#284=ORIENTED_EDGE('',*,*,#1031,.F.);
#285=ORIENTED_EDGE('',*,*,#1040,.F.);
#286=ORIENTED_EDGE('',*,*,#1049,.T.);
#287=ORIENTED_EDGE('',*,*,#1050,.F.);
#288=ORIENTED_EDGE('',*,*,#1051,.T.);
#289=ORIENTED_EDGE('',*,*,#1052,.F.);
#290=ORIENTED_EDGE('',*,*,#1049,.F.);
#291=ORIENTED_EDGE('',*,*,#1039,.F.);
#292=ORIENTED_EDGE('',*,*,#1043,.T.);
#293=ORIENTED_EDGE('',*,*,#1053,.F.);
#294=ORIENTED_EDGE('',*,*,#1054,.T.);
#295=ORIENTED_EDGE('',*,*,#1050,.T.);
#296=ORIENTED_EDGE('',*,*,#1052,.T.);
#297=ORIENTED_EDGE('',*,*,#1042,.F.);
#298=ORIENTED_EDGE('',*,*,#1055,.F.);
#299=ORIENTED_EDGE('',*,*,#997,.T.);
#300=ORIENTED_EDGE('',*,*,#1028,.F.);
#301=ORIENTED_EDGE('',*,*,#994,.F.);
#302=ORIENTED_EDGE('',*,*,#1056,.T.);
#303=ORIENTED_EDGE('',*,*,#1048,.F.);
#304=ORIENTED_EDGE('',*,*,#1057,.F.);
#305=ORIENTED_EDGE('',*,*,#1053,.T.);
#306=ORIENTED_EDGE('',*,*,#1027,.T.);
#307=ORIENTED_EDGE('',*,*,#1055,.T.);
#308=ORIENTED_EDGE('',*,*,#1041,.T.);
#309=ORIENTED_EDGE('',*,*,#1045,.F.);
#310=ORIENTED_EDGE('',*,*,#1056,.F.);
#311=ORIENTED_EDGE('',*,*,#993,.T.);
#312=ORIENTED_EDGE('',*,*,#998,.F.);
#313=ORIENTED_EDGE('',*,*,#1054,.F.);
#314=ORIENTED_EDGE('',*,*,#1057,.T.);
#315=ORIENTED_EDGE('',*,*,#1047,.T.);
#316=ORIENTED_EDGE('',*,*,#1051,.F.);
#317=ORIENTED_EDGE('',*,*,#1001,.T.);
#318=ORIENTED_EDGE('',*,*,#1026,.F.);
#319=ORIENTED_EDGE('',*,*,#1000,.T.);
#320=ORIENTED_EDGE('',*,*,#1025,.F.);
#321=ORIENTED_EDGE('',*,*,#1058,.F.);
#322=ORIENTED_EDGE('',*,*,#963,.T.);
#323=ORIENTED_EDGE('',*,*,#1059,.T.);
#324=ORIENTED_EDGE('',*,*,#1007,.F.);
#325=ORIENTED_EDGE('',*,*,#1060,.F.);
#326=ORIENTED_EDGE('',*,*,#964,.T.);
#327=ORIENTED_EDGE('',*,*,#1058,.T.);
#328=ORIENTED_EDGE('',*,*,#1006,.F.);
#329=ORIENTED_EDGE('',*,*,#1061,.F.);
#330=ORIENTED_EDGE('',*,*,#965,.T.);
#331=ORIENTED_EDGE('',*,*,#1060,.T.);
#332=ORIENTED_EDGE('',*,*,#1022,.F.);
#333=ORIENTED_EDGE('',*,*,#1062,.F.);
#334=ORIENTED_EDGE('',*,*,#966,.T.);
#335=ORIENTED_EDGE('',*,*,#1061,.T.);
#336=ORIENTED_EDGE('',*,*,#1021,.F.);
#337=ORIENTED_EDGE('',*,*,#1063,.F.);
#338=ORIENTED_EDGE('',*,*,#967,.T.);
#339=ORIENTED_EDGE('',*,*,#1062,.T.);
#340=ORIENTED_EDGE('',*,*,#1020,.F.);
#341=ORIENTED_EDGE('',*,*,#1064,.F.);
#342=ORIENTED_EDGE('',*,*,#968,.T.);
#343=ORIENTED_EDGE('',*,*,#1063,.T.);
#344=ORIENTED_EDGE('',*,*,#1019,.F.);
#345=ORIENTED_EDGE('',*,*,#1065,.F.);
#346=ORIENTED_EDGE('',*,*,#969,.T.);
#347=ORIENTED_EDGE('',*,*,#1064,.T.);
#348=ORIENTED_EDGE('',*,*,#1018,.F.);
#349=ORIENTED_EDGE('',*,*,#1066,.F.);
#350=ORIENTED_EDGE('',*,*,#970,.T.);
#351=ORIENTED_EDGE('',*,*,#1065,.T.);
#352=ORIENTED_EDGE('',*,*,#1017,.F.);
#353=ORIENTED_EDGE('',*,*,#1067,.F.);
#354=ORIENTED_EDGE('',*,*,#971,.T.);
#355=ORIENTED_EDGE('',*,*,#1066,.T.);
#356=ORIENTED_EDGE('',*,*,#1016,.F.);
#357=ORIENTED_EDGE('',*,*,#1068,.F.);
#358=ORIENTED_EDGE('',*,*,#972,.T.);
#359=ORIENTED_EDGE('',*,*,#1067,.T.);
#360=ORIENTED_EDGE('',*,*,#1015,.F.);
#361=ORIENTED_EDGE('',*,*,#1069,.F.);
#362=ORIENTED_EDGE('',*,*,#973,.T.);
#363=ORIENTED_EDGE('',*,*,#1068,.T.);
#364=ORIENTED_EDGE('',*,*,#1014,.F.);
#365=ORIENTED_EDGE('',*,*,#1070,.F.);
#366=ORIENTED_EDGE('',*,*,#974,.T.);
#367=ORIENTED_EDGE('',*,*,#1069,.T.);
#368=ORIENTED_EDGE('',*,*,#1013,.F.);
#369=ORIENTED_EDGE('',*,*,#1071,.F.);
#370=ORIENTED_EDGE('',*,*,#975,.T.);
#371=ORIENTED_EDGE('',*,*,#1070,.T.);
#372=ORIENTED_EDGE('',*,*,#1012,.F.);
#373=ORIENTED_EDGE('',*,*,#1072,.F.);
#374=ORIENTED_EDGE('',*,*,#976,.T.);
#375=ORIENTED_EDGE('',*,*,#1071,.T.);
#376=ORIENTED_EDGE('',*,*,#1011,.F.);
#377=ORIENTED_EDGE('',*,*,#1073,.F.);
#378=ORIENTED_EDGE('',*,*,#977,.T.);
#379=ORIENTED_EDGE('',*,*,#1072,.T.);
#380=ORIENTED_EDGE('',*,*,#1010,.F.);
#381=ORIENTED_EDGE('',*,*,#1074,.F.);
#382=ORIENTED_EDGE('',*,*,#978,.T.);
#383=ORIENTED_EDGE('',*,*,#1073,.T.);
#384=ORIENTED_EDGE('',*,*,#1009,.F.);
#385=ORIENTED_EDGE('',*,*,#1059,.F.);
#386=ORIENTED_EDGE('',*,*,#979,.T.);
#387=ORIENTED_EDGE('',*,*,#1074,.T.);
#388=ORIENTED_EDGE('',*,*,#1008,.F.);
#389=ORIENTED_EDGE('',*,*,#986,.F.);
#390=ORIENTED_EDGE('',*,*,#1035,.T.);
#391=ORIENTED_EDGE('',*,*,#985,.F.);
#392=ORIENTED_EDGE('',*,*,#1075,.F.);
#393=ORIENTED_EDGE('',*,*,#1075,.T.);
#394=ORIENTED_EDGE('',*,*,#1076,.T.);
#395=ORIENTED_EDGE('',*,*,#981,.T.);
#396=ORIENTED_EDGE('',*,*,#1077,.F.);
#397=ORIENTED_EDGE('',*,*,#1078,.T.);
#398=ORIENTED_EDGE('',*,*,#1077,.T.);
#399=ORIENTED_EDGE('',*,*,#984,.T.);
#400=ORIENTED_EDGE('',*,*,#1079,.F.);
#401=ORIENTED_EDGE('',*,*,#1080,.T.);
#402=ORIENTED_EDGE('',*,*,#1079,.T.);
#403=ORIENTED_EDGE('',*,*,#983,.T.);
#404=ORIENTED_EDGE('',*,*,#1081,.F.);
#405=ORIENTED_EDGE('',*,*,#1082,.T.);
#406=ORIENTED_EDGE('',*,*,#1081,.T.);
#407=ORIENTED_EDGE('',*,*,#982,.T.);
#408=ORIENTED_EDGE('',*,*,#1076,.F.);
#409=ORIENTED_EDGE('',*,*,#1083,.T.);
#410=ORIENTED_EDGE('',*,*,#1078,.F.);
#411=ORIENTED_EDGE('',*,*,#1080,.F.);
#412=ORIENTED_EDGE('',*,*,#1082,.F.);
#413=ORIENTED_EDGE('',*,*,#1083,.F.);
#414=ORIENTED_EDGE('',*,*,#1084,.T.);
#415=ORIENTED_EDGE('',*,*,#990,.T.);
#416=ORIENTED_EDGE('',*,*,#1085,.F.);
#417=ORIENTED_EDGE('',*,*,#1086,.T.);
#418=ORIENTED_EDGE('',*,*,#1085,.T.);
#419=ORIENTED_EDGE('',*,*,#992,.T.);
#420=ORIENTED_EDGE('',*,*,#1087,.F.);
#421=ORIENTED_EDGE('',*,*,#1088,.T.);
#422=ORIENTED_EDGE('',*,*,#1087,.T.);
#423=ORIENTED_EDGE('',*,*,#991,.T.);
#424=ORIENTED_EDGE('',*,*,#1084,.F.);
#425=ORIENTED_EDGE('',*,*,#1089,.T.);
#426=ORIENTED_EDGE('',*,*,#1086,.F.);
#427=ORIENTED_EDGE('',*,*,#1088,.F.);
#428=ORIENTED_EDGE('',*,*,#1089,.F.);
#429=ORIENTED_EDGE('',*,*,#958,.F.);
#430=ORIENTED_EDGE('',*,*,#1090,.T.);
#431=ORIENTED_EDGE('',*,*,#1091,.T.);
#432=ORIENTED_EDGE('',*,*,#1092,.F.);
#433=ORIENTED_EDGE('',*,*,#959,.F.);
#434=ORIENTED_EDGE('',*,*,#1092,.T.);
#435=ORIENTED_EDGE('',*,*,#1093,.T.);
#436=ORIENTED_EDGE('',*,*,#1094,.F.);
#437=ORIENTED_EDGE('',*,*,#957,.F.);
#438=ORIENTED_EDGE('',*,*,#1094,.T.);
#439=ORIENTED_EDGE('',*,*,#1095,.T.);
#440=ORIENTED_EDGE('',*,*,#1090,.F.);
#441=ORIENTED_EDGE('',*,*,#1091,.F.);
#442=ORIENTED_EDGE('',*,*,#1095,.F.);
#443=ORIENTED_EDGE('',*,*,#1093,.F.);
#444=ORIENTED_EDGE('',*,*,#953,.F.);
#445=ORIENTED_EDGE('',*,*,#1096,.T.);
#446=ORIENTED_EDGE('',*,*,#1097,.T.);
#447=ORIENTED_EDGE('',*,*,#1098,.F.);
#448=ORIENTED_EDGE('',*,*,#954,.F.);
#449=ORIENTED_EDGE('',*,*,#1098,.T.);
#450=ORIENTED_EDGE('',*,*,#1099,.T.);
#451=ORIENTED_EDGE('',*,*,#1100,.F.);
#452=ORIENTED_EDGE('',*,*,#955,.F.);
#453=ORIENTED_EDGE('',*,*,#1100,.T.);
#454=ORIENTED_EDGE('',*,*,#1101,.T.);
#455=ORIENTED_EDGE('',*,*,#1102,.F.);
#456=ORIENTED_EDGE('',*,*,#956,.F.);
#457=ORIENTED_EDGE('',*,*,#1102,.T.);
#458=ORIENTED_EDGE('',*,*,#1103,.T.);
#459=ORIENTED_EDGE('',*,*,#1104,.F.);
#460=ORIENTED_EDGE('',*,*,#952,.F.);
#461=ORIENTED_EDGE('',*,*,#1104,.T.);
#462=ORIENTED_EDGE('',*,*,#1105,.T.);
#463=ORIENTED_EDGE('',*,*,#1096,.F.);
#464=ORIENTED_EDGE('',*,*,#1097,.F.);
#465=ORIENTED_EDGE('',*,*,#1105,.F.);
#466=ORIENTED_EDGE('',*,*,#1103,.F.);
#467=ORIENTED_EDGE('',*,*,#1101,.F.);
#468=ORIENTED_EDGE('',*,*,#1099,.F.);
#469=ORIENTED_EDGE('',*,*,#980,.F.);
#470=ORIENTED_EDGE('',*,*,#1106,.T.);
#471=ORIENTED_EDGE('',*,*,#1106,.F.);
#472=ORIENTED_EDGE('',*,*,#1107,.F.);
#473=ORIENTED_EDGE('',*,*,#928,.T.);
#474=ORIENTED_EDGE('',*,*,#1108,.T.);
#475=ORIENTED_EDGE('',*,*,#861,.F.);
#476=ORIENTED_EDGE('',*,*,#860,.T.);
#477=ORIENTED_EDGE('',*,*,#1109,.F.);
#478=ORIENTED_EDGE('',*,*,#929,.F.);
#479=ORIENTED_EDGE('',*,*,#1107,.T.);
#480=ORIENTED_EDGE('',*,*,#863,.T.);
#481=ORIENTED_EDGE('',*,*,#1110,.F.);
#482=ORIENTED_EDGE('',*,*,#930,.F.);
#483=ORIENTED_EDGE('',*,*,#1109,.T.);
#484=ORIENTED_EDGE('',*,*,#1108,.F.);
#485=ORIENTED_EDGE('',*,*,#931,.T.);
#486=ORIENTED_EDGE('',*,*,#1110,.T.);
#487=ORIENTED_EDGE('',*,*,#862,.F.);
#488=ORIENTED_EDGE('',*,*,#1111,.F.);
#489=ORIENTED_EDGE('',*,*,#920,.T.);
#490=ORIENTED_EDGE('',*,*,#1112,.T.);
#491=ORIENTED_EDGE('',*,*,#865,.F.);
#492=ORIENTED_EDGE('',*,*,#864,.T.);
#493=ORIENTED_EDGE('',*,*,#1113,.F.);
#494=ORIENTED_EDGE('',*,*,#921,.F.);
#495=ORIENTED_EDGE('',*,*,#1111,.T.);
#496=ORIENTED_EDGE('',*,*,#867,.T.);
#497=ORIENTED_EDGE('',*,*,#1114,.F.);
#498=ORIENTED_EDGE('',*,*,#922,.F.);
#499=ORIENTED_EDGE('',*,*,#1113,.T.);
#500=ORIENTED_EDGE('',*,*,#1112,.F.);
#501=ORIENTED_EDGE('',*,*,#923,.T.);
#502=ORIENTED_EDGE('',*,*,#1114,.T.);
#503=ORIENTED_EDGE('',*,*,#866,.F.);
#504=ORIENTED_EDGE('',*,*,#1115,.F.);
#505=ORIENTED_EDGE('',*,*,#932,.T.);
#506=ORIENTED_EDGE('',*,*,#1116,.T.);
#507=ORIENTED_EDGE('',*,*,#869,.F.);
#508=ORIENTED_EDGE('',*,*,#868,.T.);
#509=ORIENTED_EDGE('',*,*,#1117,.F.);
#510=ORIENTED_EDGE('',*,*,#933,.F.);
#511=ORIENTED_EDGE('',*,*,#1115,.T.);
#512=ORIENTED_EDGE('',*,*,#871,.T.);
#513=ORIENTED_EDGE('',*,*,#1118,.F.);
#514=ORIENTED_EDGE('',*,*,#934,.F.);
#515=ORIENTED_EDGE('',*,*,#1117,.T.);
#516=ORIENTED_EDGE('',*,*,#1116,.F.);
#517=ORIENTED_EDGE('',*,*,#935,.T.);
#518=ORIENTED_EDGE('',*,*,#1118,.T.);
#519=ORIENTED_EDGE('',*,*,#870,.F.);
#520=ORIENTED_EDGE('',*,*,#1119,.F.);
#521=ORIENTED_EDGE('',*,*,#916,.T.);
#522=ORIENTED_EDGE('',*,*,#1120,.T.);
#523=ORIENTED_EDGE('',*,*,#873,.F.);
#524=ORIENTED_EDGE('',*,*,#872,.T.);
#525=ORIENTED_EDGE('',*,*,#1121,.F.);
#526=ORIENTED_EDGE('',*,*,#917,.F.);
#527=ORIENTED_EDGE('',*,*,#1119,.T.);
#528=ORIENTED_EDGE('',*,*,#875,.T.);
#529=ORIENTED_EDGE('',*,*,#1122,.F.);
#530=ORIENTED_EDGE('',*,*,#918,.F.);
#531=ORIENTED_EDGE('',*,*,#1121,.T.);
#532=ORIENTED_EDGE('',*,*,#1120,.F.);
#533=ORIENTED_EDGE('',*,*,#919,.T.);
#534=ORIENTED_EDGE('',*,*,#1122,.T.);
#535=ORIENTED_EDGE('',*,*,#874,.F.);
#536=ORIENTED_EDGE('',*,*,#1123,.F.);
#537=ORIENTED_EDGE('',*,*,#936,.T.);
#538=ORIENTED_EDGE('',*,*,#1124,.T.);
#539=ORIENTED_EDGE('',*,*,#877,.F.);
#540=ORIENTED_EDGE('',*,*,#876,.T.);
#541=ORIENTED_EDGE('',*,*,#1125,.F.);
#542=ORIENTED_EDGE('',*,*,#937,.F.);
#543=ORIENTED_EDGE('',*,*,#1123,.T.);
#544=ORIENTED_EDGE('',*,*,#879,.T.);
#545=ORIENTED_EDGE('',*,*,#1126,.F.);
#546=ORIENTED_EDGE('',*,*,#938,.F.);
#547=ORIENTED_EDGE('',*,*,#1125,.T.);
#548=ORIENTED_EDGE('',*,*,#1124,.F.);
#549=ORIENTED_EDGE('',*,*,#939,.T.);
#550=ORIENTED_EDGE('',*,*,#1126,.T.);
#551=ORIENTED_EDGE('',*,*,#878,.F.);
#552=ORIENTED_EDGE('',*,*,#1127,.F.);
#553=ORIENTED_EDGE('',*,*,#912,.T.);
#554=ORIENTED_EDGE('',*,*,#1128,.T.);
#555=ORIENTED_EDGE('',*,*,#881,.F.);
#556=ORIENTED_EDGE('',*,*,#880,.T.);
#557=ORIENTED_EDGE('',*,*,#1129,.F.);
#558=ORIENTED_EDGE('',*,*,#913,.F.);
#559=ORIENTED_EDGE('',*,*,#1127,.T.);
#560=ORIENTED_EDGE('',*,*,#883,.T.);
#561=ORIENTED_EDGE('',*,*,#1130,.F.);
#562=ORIENTED_EDGE('',*,*,#914,.F.);
#563=ORIENTED_EDGE('',*,*,#1129,.T.);
#564=ORIENTED_EDGE('',*,*,#1128,.F.);
#565=ORIENTED_EDGE('',*,*,#915,.T.);
#566=ORIENTED_EDGE('',*,*,#1130,.T.);
#567=ORIENTED_EDGE('',*,*,#882,.F.);
#568=ORIENTED_EDGE('',*,*,#1131,.F.);
#569=ORIENTED_EDGE('',*,*,#940,.T.);
#570=ORIENTED_EDGE('',*,*,#1132,.T.);
#571=ORIENTED_EDGE('',*,*,#885,.F.);
#572=ORIENTED_EDGE('',*,*,#884,.T.);
#573=ORIENTED_EDGE('',*,*,#1133,.F.);
#574=ORIENTED_EDGE('',*,*,#941,.F.);
#575=ORIENTED_EDGE('',*,*,#1131,.T.);
#576=ORIENTED_EDGE('',*,*,#887,.T.);
#577=ORIENTED_EDGE('',*,*,#1134,.F.);
#578=ORIENTED_EDGE('',*,*,#942,.F.);
#579=ORIENTED_EDGE('',*,*,#1133,.T.);
#580=ORIENTED_EDGE('',*,*,#1132,.F.);
#581=ORIENTED_EDGE('',*,*,#943,.T.);
#582=ORIENTED_EDGE('',*,*,#1134,.T.);
#583=ORIENTED_EDGE('',*,*,#886,.F.);
#584=ORIENTED_EDGE('',*,*,#1135,.F.);
#585=ORIENTED_EDGE('',*,*,#908,.T.);
#586=ORIENTED_EDGE('',*,*,#1136,.T.);
#587=ORIENTED_EDGE('',*,*,#889,.F.);
#588=ORIENTED_EDGE('',*,*,#888,.T.);
#589=ORIENTED_EDGE('',*,*,#1137,.F.);
#590=ORIENTED_EDGE('',*,*,#909,.F.);
#591=ORIENTED_EDGE('',*,*,#1135,.T.);
#592=ORIENTED_EDGE('',*,*,#891,.T.);
#593=ORIENTED_EDGE('',*,*,#1138,.F.);
#594=ORIENTED_EDGE('',*,*,#910,.F.);
#595=ORIENTED_EDGE('',*,*,#1137,.T.);
#596=ORIENTED_EDGE('',*,*,#1136,.F.);
#597=ORIENTED_EDGE('',*,*,#911,.T.);
#598=ORIENTED_EDGE('',*,*,#1138,.T.);
#599=ORIENTED_EDGE('',*,*,#890,.F.);
#600=ORIENTED_EDGE('',*,*,#1139,.F.);
#601=ORIENTED_EDGE('',*,*,#944,.T.);
#602=ORIENTED_EDGE('',*,*,#1140,.T.);
#603=ORIENTED_EDGE('',*,*,#893,.F.);
#604=ORIENTED_EDGE('',*,*,#892,.T.);
#605=ORIENTED_EDGE('',*,*,#1141,.F.);
#606=ORIENTED_EDGE('',*,*,#945,.F.);
#607=ORIENTED_EDGE('',*,*,#1139,.T.);
#608=ORIENTED_EDGE('',*,*,#895,.T.);
#609=ORIENTED_EDGE('',*,*,#1142,.F.);
#610=ORIENTED_EDGE('',*,*,#946,.F.);
#611=ORIENTED_EDGE('',*,*,#1141,.T.);
#612=ORIENTED_EDGE('',*,*,#1140,.F.);
#613=ORIENTED_EDGE('',*,*,#947,.T.);
#614=ORIENTED_EDGE('',*,*,#1142,.T.);
#615=ORIENTED_EDGE('',*,*,#894,.F.);
#616=ORIENTED_EDGE('',*,*,#1143,.F.);
#617=ORIENTED_EDGE('',*,*,#904,.T.);
#618=ORIENTED_EDGE('',*,*,#1144,.T.);
#619=ORIENTED_EDGE('',*,*,#897,.F.);
#620=ORIENTED_EDGE('',*,*,#896,.T.);
#621=ORIENTED_EDGE('',*,*,#1145,.F.);
#622=ORIENTED_EDGE('',*,*,#905,.F.);
#623=ORIENTED_EDGE('',*,*,#1143,.T.);
#624=ORIENTED_EDGE('',*,*,#899,.T.);
#625=ORIENTED_EDGE('',*,*,#1146,.F.);
#626=ORIENTED_EDGE('',*,*,#906,.F.);
#627=ORIENTED_EDGE('',*,*,#1145,.T.);
#628=ORIENTED_EDGE('',*,*,#1144,.F.);
#629=ORIENTED_EDGE('',*,*,#907,.T.);
#630=ORIENTED_EDGE('',*,*,#1146,.T.);
#631=ORIENTED_EDGE('',*,*,#898,.F.);
#632=ORIENTED_EDGE('',*,*,#1147,.F.);
#633=ORIENTED_EDGE('',*,*,#948,.T.);
#634=ORIENTED_EDGE('',*,*,#1148,.T.);
#635=ORIENTED_EDGE('',*,*,#901,.F.);
#636=ORIENTED_EDGE('',*,*,#900,.T.);
#637=ORIENTED_EDGE('',*,*,#1149,.F.);
#638=ORIENTED_EDGE('',*,*,#949,.F.);
#639=ORIENTED_EDGE('',*,*,#1147,.T.);
#640=ORIENTED_EDGE('',*,*,#903,.T.);
#641=ORIENTED_EDGE('',*,*,#1150,.F.);
#642=ORIENTED_EDGE('',*,*,#950,.F.);
#643=ORIENTED_EDGE('',*,*,#1149,.T.);
#644=ORIENTED_EDGE('',*,*,#1148,.F.);
#645=ORIENTED_EDGE('',*,*,#951,.T.);
#646=ORIENTED_EDGE('',*,*,#1150,.T.);
#647=ORIENTED_EDGE('',*,*,#902,.F.);
#648=ORIENTED_EDGE('',*,*,#1151,.F.);
#649=ORIENTED_EDGE('',*,*,#1152,.F.);
#650=ORIENTED_EDGE('',*,*,#1153,.T.);
#651=ORIENTED_EDGE('',*,*,#1154,.F.);
#652=ORIENTED_EDGE('',*,*,#1155,.F.);
#653=ORIENTED_EDGE('',*,*,#1156,.T.);
#654=ORIENTED_EDGE('',*,*,#1157,.T.);
#655=ORIENTED_EDGE('',*,*,#1158,.F.);
#656=ORIENTED_EDGE('',*,*,#1159,.F.);
#657=ORIENTED_EDGE('',*,*,#1160,.T.);
#658=ORIENTED_EDGE('',*,*,#1161,.T.);
#659=ORIENTED_EDGE('',*,*,#1162,.F.);
#660=ORIENTED_EDGE('',*,*,#1163,.F.);
#661=ORIENTED_EDGE('',*,*,#1164,.T.);
#662=ORIENTED_EDGE('',*,*,#1165,.T.);
#663=ORIENTED_EDGE('',*,*,#1166,.F.);
#664=ORIENTED_EDGE('',*,*,#1167,.F.);
#665=ORIENTED_EDGE('',*,*,#1168,.T.);
#666=ORIENTED_EDGE('',*,*,#1169,.T.);
#667=ORIENTED_EDGE('',*,*,#1170,.F.);
#668=ORIENTED_EDGE('',*,*,#1171,.F.);
#669=ORIENTED_EDGE('',*,*,#1172,.T.);
#670=ORIENTED_EDGE('',*,*,#1173,.T.);
#671=ORIENTED_EDGE('',*,*,#1174,.F.);
#672=ORIENTED_EDGE('',*,*,#1175,.F.);
#673=ORIENTED_EDGE('',*,*,#1176,.T.);
#674=ORIENTED_EDGE('',*,*,#1177,.T.);
#675=ORIENTED_EDGE('',*,*,#1178,.F.);
#676=ORIENTED_EDGE('',*,*,#1179,.F.);
#677=ORIENTED_EDGE('',*,*,#1180,.T.);
#678=ORIENTED_EDGE('',*,*,#1181,.T.);
#679=ORIENTED_EDGE('',*,*,#1182,.F.);
#680=ORIENTED_EDGE('',*,*,#1183,.T.);
#681=ORIENTED_EDGE('',*,*,#1184,.T.);
#682=ORIENTED_EDGE('',*,*,#1185,.F.);
#683=ORIENTED_EDGE('',*,*,#1186,.T.);
#684=ORIENTED_EDGE('',*,*,#1187,.F.);
#685=ORIENTED_EDGE('',*,*,#1188,.F.);
#686=ORIENTED_EDGE('',*,*,#1182,.T.);
#687=ORIENTED_EDGE('',*,*,#1189,.T.);
#688=ORIENTED_EDGE('',*,*,#1190,.T.);
#689=ORIENTED_EDGE('',*,*,#1191,.F.);
#690=ORIENTED_EDGE('',*,*,#1183,.F.);
#691=ORIENTED_EDGE('',*,*,#1188,.T.);
#692=ORIENTED_EDGE('',*,*,#1192,.T.);
#693=ORIENTED_EDGE('',*,*,#1193,.F.);
#694=ORIENTED_EDGE('',*,*,#1184,.F.);
#695=ORIENTED_EDGE('',*,*,#1191,.T.);
#696=ORIENTED_EDGE('',*,*,#1194,.F.);
#697=ORIENTED_EDGE('',*,*,#1189,.F.);
#698=ORIENTED_EDGE('',*,*,#1185,.T.);
#699=ORIENTED_EDGE('',*,*,#1193,.T.);
#700=ORIENTED_EDGE('',*,*,#1195,.T.);
#701=ORIENTED_EDGE('',*,*,#1196,.T.);
#702=ORIENTED_EDGE('',*,*,#1187,.T.);
#703=ORIENTED_EDGE('',*,*,#1194,.T.);
#704=ORIENTED_EDGE('',*,*,#1192,.F.);
#705=ORIENTED_EDGE('',*,*,#1190,.F.);
#706=ORIENTED_EDGE('',*,*,#1197,.T.);
#707=ORIENTED_EDGE('',*,*,#1178,.T.);
#708=ORIENTED_EDGE('',*,*,#1198,.F.);
#709=ORIENTED_EDGE('',*,*,#1199,.T.);
#710=ORIENTED_EDGE('',*,*,#1181,.F.);
#711=ORIENTED_EDGE('',*,*,#1200,.F.);
#712=ORIENTED_EDGE('',*,*,#1201,.F.);
#713=ORIENTED_EDGE('',*,*,#1198,.T.);
#714=ORIENTED_EDGE('',*,*,#1180,.F.);
#715=ORIENTED_EDGE('',*,*,#1202,.F.);
#716=ORIENTED_EDGE('',*,*,#1203,.F.);
#717=ORIENTED_EDGE('',*,*,#1200,.T.);
#718=ORIENTED_EDGE('',*,*,#1202,.T.);
#719=ORIENTED_EDGE('',*,*,#1179,.T.);
#720=ORIENTED_EDGE('',*,*,#1197,.F.);
#721=ORIENTED_EDGE('',*,*,#1204,.T.);
#722=ORIENTED_EDGE('',*,*,#1199,.F.);
#723=ORIENTED_EDGE('',*,*,#1201,.T.);
#724=ORIENTED_EDGE('',*,*,#1203,.T.);
#725=ORIENTED_EDGE('',*,*,#1204,.F.);
#726=ORIENTED_EDGE('',*,*,#1205,.T.);
#727=ORIENTED_EDGE('',*,*,#1174,.T.);
#728=ORIENTED_EDGE('',*,*,#1206,.F.);
#729=ORIENTED_EDGE('',*,*,#1207,.T.);
#730=ORIENTED_EDGE('',*,*,#1177,.F.);
#731=ORIENTED_EDGE('',*,*,#1208,.F.);
#732=ORIENTED_EDGE('',*,*,#1209,.F.);
#733=ORIENTED_EDGE('',*,*,#1206,.T.);
#734=ORIENTED_EDGE('',*,*,#1176,.F.);
#735=ORIENTED_EDGE('',*,*,#1210,.F.);
#736=ORIENTED_EDGE('',*,*,#1211,.F.);
#737=ORIENTED_EDGE('',*,*,#1208,.T.);
#738=ORIENTED_EDGE('',*,*,#1210,.T.);
#739=ORIENTED_EDGE('',*,*,#1175,.T.);
#740=ORIENTED_EDGE('',*,*,#1205,.F.);
#741=ORIENTED_EDGE('',*,*,#1212,.T.);
#742=ORIENTED_EDGE('',*,*,#1207,.F.);
#743=ORIENTED_EDGE('',*,*,#1209,.T.);
#744=ORIENTED_EDGE('',*,*,#1211,.T.);
#745=ORIENTED_EDGE('',*,*,#1212,.F.);
#746=ORIENTED_EDGE('',*,*,#1213,.T.);
#747=ORIENTED_EDGE('',*,*,#1170,.T.);
#748=ORIENTED_EDGE('',*,*,#1214,.F.);
#749=ORIENTED_EDGE('',*,*,#1215,.T.);
#750=ORIENTED_EDGE('',*,*,#1173,.F.);
#751=ORIENTED_EDGE('',*,*,#1216,.F.);
#752=ORIENTED_EDGE('',*,*,#1217,.F.);
#753=ORIENTED_EDGE('',*,*,#1214,.T.);
#754=ORIENTED_EDGE('',*,*,#1172,.F.);
#755=ORIENTED_EDGE('',*,*,#1218,.F.);
#756=ORIENTED_EDGE('',*,*,#1219,.F.);
#757=ORIENTED_EDGE('',*,*,#1216,.T.);
#758=ORIENTED_EDGE('',*,*,#1218,.T.);
#759=ORIENTED_EDGE('',*,*,#1171,.T.);
#760=ORIENTED_EDGE('',*,*,#1213,.F.);
#761=ORIENTED_EDGE('',*,*,#1220,.T.);
#762=ORIENTED_EDGE('',*,*,#1215,.F.);
#763=ORIENTED_EDGE('',*,*,#1217,.T.);
#764=ORIENTED_EDGE('',*,*,#1219,.T.);
#765=ORIENTED_EDGE('',*,*,#1220,.F.);
#766=ORIENTED_EDGE('',*,*,#1221,.T.);
#767=ORIENTED_EDGE('',*,*,#1166,.T.);
#768=ORIENTED_EDGE('',*,*,#1222,.F.);
#769=ORIENTED_EDGE('',*,*,#1223,.T.);
#770=ORIENTED_EDGE('',*,*,#1169,.F.);
#771=ORIENTED_EDGE('',*,*,#1224,.F.);
#772=ORIENTED_EDGE('',*,*,#1225,.F.);
#773=ORIENTED_EDGE('',*,*,#1222,.T.);
#774=ORIENTED_EDGE('',*,*,#1168,.F.);
#775=ORIENTED_EDGE('',*,*,#1226,.F.);
#776=ORIENTED_EDGE('',*,*,#1227,.F.);
#777=ORIENTED_EDGE('',*,*,#1224,.T.);
#778=ORIENTED_EDGE('',*,*,#1226,.T.);
#779=ORIENTED_EDGE('',*,*,#1167,.T.);
#780=ORIENTED_EDGE('',*,*,#1221,.F.);
#781=ORIENTED_EDGE('',*,*,#1228,.T.);
#782=ORIENTED_EDGE('',*,*,#1223,.F.);
#783=ORIENTED_EDGE('',*,*,#1225,.T.);
#784=ORIENTED_EDGE('',*,*,#1227,.T.);
#785=ORIENTED_EDGE('',*,*,#1228,.F.);
#786=ORIENTED_EDGE('',*,*,#1229,.T.);
#787=ORIENTED_EDGE('',*,*,#1162,.T.);
#788=ORIENTED_EDGE('',*,*,#1230,.F.);
#789=ORIENTED_EDGE('',*,*,#1231,.T.);
#790=ORIENTED_EDGE('',*,*,#1165,.F.);
#791=ORIENTED_EDGE('',*,*,#1232,.F.);
#792=ORIENTED_EDGE('',*,*,#1233,.F.);
#793=ORIENTED_EDGE('',*,*,#1230,.T.);
#794=ORIENTED_EDGE('',*,*,#1164,.F.);
#795=ORIENTED_EDGE('',*,*,#1234,.F.);
#796=ORIENTED_EDGE('',*,*,#1235,.F.);
#797=ORIENTED_EDGE('',*,*,#1232,.T.);
#798=ORIENTED_EDGE('',*,*,#1234,.T.);
#799=ORIENTED_EDGE('',*,*,#1163,.T.);
#800=ORIENTED_EDGE('',*,*,#1229,.F.);
#801=ORIENTED_EDGE('',*,*,#1236,.T.);
#802=ORIENTED_EDGE('',*,*,#1231,.F.);
#803=ORIENTED_EDGE('',*,*,#1233,.T.);
#804=ORIENTED_EDGE('',*,*,#1235,.T.);
#805=ORIENTED_EDGE('',*,*,#1236,.F.);
#806=ORIENTED_EDGE('',*,*,#1237,.T.);
#807=ORIENTED_EDGE('',*,*,#1158,.T.);
#808=ORIENTED_EDGE('',*,*,#1238,.F.);
#809=ORIENTED_EDGE('',*,*,#1239,.T.);
#810=ORIENTED_EDGE('',*,*,#1161,.F.);
#811=ORIENTED_EDGE('',*,*,#1240,.F.);
#812=ORIENTED_EDGE('',*,*,#1241,.F.);
#813=ORIENTED_EDGE('',*,*,#1238,.T.);
#814=ORIENTED_EDGE('',*,*,#1160,.F.);
#815=ORIENTED_EDGE('',*,*,#1242,.F.);
#816=ORIENTED_EDGE('',*,*,#1243,.F.);
#817=ORIENTED_EDGE('',*,*,#1240,.T.);
#818=ORIENTED_EDGE('',*,*,#1242,.T.);
#819=ORIENTED_EDGE('',*,*,#1159,.T.);
#820=ORIENTED_EDGE('',*,*,#1237,.F.);
#821=ORIENTED_EDGE('',*,*,#1244,.T.);
#822=ORIENTED_EDGE('',*,*,#1239,.F.);
#823=ORIENTED_EDGE('',*,*,#1241,.T.);
#824=ORIENTED_EDGE('',*,*,#1243,.T.);
#825=ORIENTED_EDGE('',*,*,#1244,.F.);
#826=ORIENTED_EDGE('',*,*,#1245,.T.);
#827=ORIENTED_EDGE('',*,*,#1154,.T.);
#828=ORIENTED_EDGE('',*,*,#1246,.F.);
#829=ORIENTED_EDGE('',*,*,#1247,.T.);
#830=ORIENTED_EDGE('',*,*,#1157,.F.);
#831=ORIENTED_EDGE('',*,*,#1248,.F.);
#832=ORIENTED_EDGE('',*,*,#1249,.F.);
#833=ORIENTED_EDGE('',*,*,#1246,.T.);
#834=ORIENTED_EDGE('',*,*,#1156,.F.);
#835=ORIENTED_EDGE('',*,*,#1250,.F.);
#836=ORIENTED_EDGE('',*,*,#1251,.F.);
#837=ORIENTED_EDGE('',*,*,#1248,.T.);
#838=ORIENTED_EDGE('',*,*,#1250,.T.);
#839=ORIENTED_EDGE('',*,*,#1155,.T.);
#840=ORIENTED_EDGE('',*,*,#1245,.F.);
#841=ORIENTED_EDGE('',*,*,#1252,.T.);
#842=ORIENTED_EDGE('',*,*,#1247,.F.);
#843=ORIENTED_EDGE('',*,*,#1249,.T.);
#844=ORIENTED_EDGE('',*,*,#1251,.T.);
#845=ORIENTED_EDGE('',*,*,#1252,.F.);
#846=ORIENTED_EDGE('',*,*,#1153,.F.);
#847=ORIENTED_EDGE('',*,*,#1253,.F.);
#848=ORIENTED_EDGE('',*,*,#1253,.T.);
#849=ORIENTED_EDGE('',*,*,#1186,.F.);
#850=ORIENTED_EDGE('',*,*,#1254,.F.);
#851=ORIENTED_EDGE('',*,*,#1254,.T.);
#852=ORIENTED_EDGE('',*,*,#1152,.T.);
#853=ORIENTED_EDGE('',*,*,#1196,.F.);
#854=ORIENTED_EDGE('',*,*,#1151,.T.);
#855=ORIENTED_EDGE('',*,*,#1195,.F.);
#856=EDGE_CURVE('',#1255,#1256,#1527,.T.);
#857=EDGE_CURVE('',#1257,#1255,#1528,.T.);
#858=EDGE_CURVE('',#1257,#1258,#1529,.T.);
#859=EDGE_CURVE('',#1258,#1256,#1530,.T.);
#860=EDGE_CURVE('',#1259,#1260,#1531,.T.);
#861=EDGE_CURVE('',#1259,#1261,#1532,.T.);
#862=EDGE_CURVE('',#1261,#1262,#1533,.T.);
#863=EDGE_CURVE('',#1260,#1262,#1534,.T.);
#864=EDGE_CURVE('',#1263,#1264,#1535,.T.);
#865=EDGE_CURVE('',#1263,#1265,#1536,.T.);
#866=EDGE_CURVE('',#1265,#1266,#1537,.T.);
#867=EDGE_CURVE('',#1264,#1266,#1538,.T.);
#868=EDGE_CURVE('',#1267,#1268,#1539,.T.);
#869=EDGE_CURVE('',#1267,#1269,#1540,.T.);
#870=EDGE_CURVE('',#1269,#1270,#1541,.T.);
#871=EDGE_CURVE('',#1268,#1270,#1542,.T.);
#872=EDGE_CURVE('',#1271,#1272,#1543,.T.);
#873=EDGE_CURVE('',#1271,#1273,#1544,.T.);
#874=EDGE_CURVE('',#1273,#1274,#1545,.T.);
#875=EDGE_CURVE('',#1272,#1274,#1546,.T.);
#876=EDGE_CURVE('',#1275,#1276,#1547,.T.);
#877=EDGE_CURVE('',#1275,#1277,#1548,.T.);
#878=EDGE_CURVE('',#1277,#1278,#1549,.T.);
#879=EDGE_CURVE('',#1276,#1278,#1550,.T.);
#880=EDGE_CURVE('',#1279,#1280,#1551,.T.);
#881=EDGE_CURVE('',#1279,#1281,#1552,.T.);
#882=EDGE_CURVE('',#1281,#1282,#1553,.T.);
#883=EDGE_CURVE('',#1280,#1282,#1554,.T.);
#884=EDGE_CURVE('',#1283,#1284,#1555,.T.);
#885=EDGE_CURVE('',#1283,#1285,#1556,.T.);
#886=EDGE_CURVE('',#1285,#1286,#1557,.T.);
#887=EDGE_CURVE('',#1284,#1286,#1558,.T.);
#888=EDGE_CURVE('',#1287,#1288,#1559,.T.);
#889=EDGE_CURVE('',#1287,#1289,#1560,.T.);
#890=EDGE_CURVE('',#1289,#1290,#1561,.T.);
#891=EDGE_CURVE('',#1288,#1290,#1562,.T.);
#892=EDGE_CURVE('',#1291,#1292,#1563,.T.);
#893=EDGE_CURVE('',#1291,#1293,#1564,.T.);
#894=EDGE_CURVE('',#1293,#1294,#1565,.T.);
#895=EDGE_CURVE('',#1292,#1294,#1566,.T.);
#896=EDGE_CURVE('',#1295,#1296,#1567,.T.);
#897=EDGE_CURVE('',#1295,#1297,#1568,.T.);
#898=EDGE_CURVE('',#1297,#1298,#1569,.T.);
#899=EDGE_CURVE('',#1296,#1298,#1570,.T.);
#900=EDGE_CURVE('',#1299,#1300,#1571,.T.);
#901=EDGE_CURVE('',#1299,#1301,#1572,.T.);
#902=EDGE_CURVE('',#1301,#1302,#1573,.T.);
#903=EDGE_CURVE('',#1300,#1302,#1574,.T.);
#904=EDGE_CURVE('',#1303,#1304,#1575,.T.);
#905=EDGE_CURVE('',#1303,#1305,#1576,.T.);
#906=EDGE_CURVE('',#1305,#1306,#1577,.T.);
#907=EDGE_CURVE('',#1304,#1306,#1578,.T.);
#908=EDGE_CURVE('',#1307,#1308,#1579,.T.);
#909=EDGE_CURVE('',#1307,#1309,#1580,.T.);
#910=EDGE_CURVE('',#1309,#1310,#1581,.T.);
#911=EDGE_CURVE('',#1308,#1310,#1582,.T.);
#912=EDGE_CURVE('',#1311,#1312,#1583,.T.);
#913=EDGE_CURVE('',#1311,#1313,#1584,.T.);
#914=EDGE_CURVE('',#1313,#1314,#1585,.T.);
#915=EDGE_CURVE('',#1312,#1314,#1586,.T.);
#916=EDGE_CURVE('',#1315,#1316,#1587,.T.);
#917=EDGE_CURVE('',#1315,#1317,#1588,.T.);
#918=EDGE_CURVE('',#1317,#1318,#1589,.T.);
#919=EDGE_CURVE('',#1316,#1318,#1590,.T.);
#920=EDGE_CURVE('',#1319,#1320,#1591,.T.);
#921=EDGE_CURVE('',#1319,#1321,#1592,.T.);
#922=EDGE_CURVE('',#1321,#1322,#1593,.T.);
#923=EDGE_CURVE('',#1320,#1322,#1594,.T.);
#924=EDGE_CURVE('',#1323,#1324,#1595,.T.);
#925=EDGE_CURVE('',#1325,#1324,#1596,.T.);
#926=EDGE_CURVE('',#1326,#1325,#1597,.T.);
#927=EDGE_CURVE('',#1326,#1323,#1598,.T.);
#928=EDGE_CURVE('',#1327,#1328,#1599,.T.);
#929=EDGE_CURVE('',#1327,#1329,#1600,.T.);
#930=EDGE_CURVE('',#1329,#1330,#1601,.T.);
#931=EDGE_CURVE('',#1328,#1330,#1602,.T.);
#932=EDGE_CURVE('',#1331,#1332,#1603,.T.);
#933=EDGE_CURVE('',#1331,#1333,#1604,.T.);
#934=EDGE_CURVE('',#1333,#1334,#1605,.T.);
#935=EDGE_CURVE('',#1332,#1334,#1606,.T.);
#936=EDGE_CURVE('',#1335,#1336,#1607,.T.);
#937=EDGE_CURVE('',#1335,#1337,#1608,.T.);
#938=EDGE_CURVE('',#1337,#1338,#1609,.T.);
#939=EDGE_CURVE('',#1336,#1338,#1610,.T.);
#940=EDGE_CURVE('',#1339,#1340,#1611,.T.);
#941=EDGE_CURVE('',#1339,#1341,#1612,.T.);
#942=EDGE_CURVE('',#1341,#1342,#1613,.T.);
#943=EDGE_CURVE('',#1340,#1342,#1614,.T.);
#944=EDGE_CURVE('',#1343,#1344,#1615,.T.);
#945=EDGE_CURVE('',#1343,#1345,#1616,.T.);
#946=EDGE_CURVE('',#1345,#1346,#1617,.T.);
#947=EDGE_CURVE('',#1344,#1346,#1618,.T.);
#948=EDGE_CURVE('',#1347,#1348,#1619,.T.);
#949=EDGE_CURVE('',#1347,#1349,#1620,.T.);
#950=EDGE_CURVE('',#1349,#1350,#1621,.T.);
#951=EDGE_CURVE('',#1348,#1350,#1622,.T.);
#952=EDGE_CURVE('',#1351,#1352,#1623,.T.);
#953=EDGE_CURVE('',#1352,#1353,#1624,.T.);
#954=EDGE_CURVE('',#1353,#1354,#1625,.T.);
#955=EDGE_CURVE('',#1354,#1355,#1626,.T.);
#956=EDGE_CURVE('',#1355,#1351,#1627,.T.);
#957=EDGE_CURVE('',#1356,#1357,#1628,.T.);
#958=EDGE_CURVE('',#1357,#1358,#1629,.T.);
#959=EDGE_CURVE('',#1358,#1356,#1630,.T.);
#960=EDGE_CURVE('',#1359,#1324,#1631,.T.);
#961=EDGE_CURVE('',#1360,#1359,#1632,.T.);
#962=EDGE_CURVE('',#1360,#1325,#1633,.T.);
#963=EDGE_CURVE('',#1361,#1362,#1634,.T.);
#964=EDGE_CURVE('',#1363,#1361,#1635,.T.);
#965=EDGE_CURVE('',#1364,#1363,#1636,.T.);
#966=EDGE_CURVE('',#1365,#1364,#1637,.T.);
#967=EDGE_CURVE('',#1366,#1365,#1638,.T.);
#968=EDGE_CURVE('',#1367,#1366,#1639,.T.);
#969=EDGE_CURVE('',#1368,#1367,#1640,.T.);
#970=EDGE_CURVE('',#1369,#1368,#1641,.T.);
#971=EDGE_CURVE('',#1370,#1369,#1642,.T.);
#972=EDGE_CURVE('',#1371,#1370,#1643,.T.);
#973=EDGE_CURVE('',#1372,#1371,#1644,.T.);
#974=EDGE_CURVE('',#1373,#1372,#1645,.T.);
#975=EDGE_CURVE('',#1374,#1373,#1646,.T.);
#976=EDGE_CURVE('',#1375,#1374,#1647,.T.);
#977=EDGE_CURVE('',#1376,#1375,#1648,.T.);
#978=EDGE_CURVE('',#1377,#1376,#1649,.T.);
#979=EDGE_CURVE('',#1362,#1377,#1650,.T.);
#980=EDGE_CURVE('',#1378,#1378,#40,.F.);
#981=EDGE_CURVE('',#1379,#1380,#1651,.T.);
#982=EDGE_CURVE('',#1381,#1379,#1652,.T.);
#983=EDGE_CURVE('',#1382,#1381,#1653,.T.);
#984=EDGE_CURVE('',#1380,#1382,#1654,.T.);
#985=EDGE_CURVE('',#1383,#1383,#41,.F.);
#986=EDGE_CURVE('',#1384,#1384,#42,.F.);
#987=EDGE_CURVE('',#1323,#1385,#1655,.T.);
#988=EDGE_CURVE('',#1326,#1386,#1656,.T.);
#989=EDGE_CURVE('',#1386,#1385,#1657,.T.);
#990=EDGE_CURVE('',#1387,#1388,#1658,.T.);
#991=EDGE_CURVE('',#1389,#1387,#1659,.T.);
#992=EDGE_CURVE('',#1388,#1389,#1660,.T.);
#993=EDGE_CURVE('',#1390,#1391,#1661,.T.);
#994=EDGE_CURVE('',#1390,#1392,#1662,.T.);
#995=EDGE_CURVE('',#1392,#1393,#1663,.T.);
#996=EDGE_CURVE('',#1391,#1393,#1664,.T.);
#997=EDGE_CURVE('',#1394,#1395,#1665,.T.);
#998=EDGE_CURVE('',#1394,#1391,#1666,.T.);
#999=EDGE_CURVE('',#1395,#1393,#1667,.T.);
#1000=EDGE_CURVE('',#1396,#1396,#43,.T.);
#1001=EDGE_CURVE('',#1397,#1397,#44,.T.);
#1002=EDGE_CURVE('',#1398,#1399,#1668,.T.);
#1003=EDGE_CURVE('',#1400,#1398,#1669,.T.);
#1004=EDGE_CURVE('',#1400,#1401,#1670,.T.);
#1005=EDGE_CURVE('',#1401,#1399,#1671,.T.);
#1006=EDGE_CURVE('',#1402,#1403,#1672,.T.);
#1007=EDGE_CURVE('',#1403,#1404,#1673,.T.);
#1008=EDGE_CURVE('',#1404,#1405,#1674,.T.);
#1009=EDGE_CURVE('',#1405,#1406,#1675,.T.);
#1010=EDGE_CURVE('',#1406,#1407,#1676,.T.);
#1011=EDGE_CURVE('',#1407,#1408,#1677,.T.);
#1012=EDGE_CURVE('',#1408,#1409,#1678,.T.);
#1013=EDGE_CURVE('',#1409,#1410,#1679,.T.);
#1014=EDGE_CURVE('',#1410,#1411,#1680,.T.);
#1015=EDGE_CURVE('',#1411,#1412,#1681,.T.);
#1016=EDGE_CURVE('',#1412,#1413,#1682,.T.);
#1017=EDGE_CURVE('',#1413,#1414,#1683,.T.);
#1018=EDGE_CURVE('',#1414,#1415,#1684,.T.);
#1019=EDGE_CURVE('',#1415,#1416,#1685,.T.);
#1020=EDGE_CURVE('',#1416,#1417,#1686,.T.);
#1021=EDGE_CURVE('',#1417,#1418,#1687,.T.);
#1022=EDGE_CURVE('',#1418,#1402,#1688,.T.);
#1023=EDGE_CURVE('',#1398,#1256,#1689,.T.);
#1024=EDGE_CURVE('',#1400,#1258,#1690,.T.);
#1025=EDGE_CURVE('',#1419,#1419,#45,.T.);
#1026=EDGE_CURVE('',#1420,#1420,#46,.T.);
#1027=EDGE_CURVE('',#1421,#1392,#1691,.T.);
#1028=EDGE_CURVE('',#1421,#1395,#1692,.T.);
#1029=EDGE_CURVE('',#1422,#1423,#1693,.T.);
#1030=EDGE_CURVE('',#1422,#1424,#1694,.T.);
#1031=EDGE_CURVE('',#1424,#1425,#1695,.T.);
#1032=EDGE_CURVE('',#1423,#1425,#1696,.T.);
#1033=EDGE_CURVE('',#1359,#1385,#1697,.T.);
#1034=EDGE_CURVE('',#1360,#1386,#1698,.T.);
#1035=EDGE_CURVE('',#1426,#1426,#47,.F.);
#1036=EDGE_CURVE('',#1255,#1399,#1699,.T.);
#1037=EDGE_CURVE('',#1257,#1401,#1700,.T.);
#1038=EDGE_CURVE('',#1427,#1422,#1701,.T.);
#1039=EDGE_CURVE('',#1427,#1428,#1702,.T.);
#1040=EDGE_CURVE('',#1428,#1424,#1703,.T.);
#1041=EDGE_CURVE('',#1429,#1430,#1704,.T.);
#1042=EDGE_CURVE('',#1429,#1431,#1705,.T.);
#1043=EDGE_CURVE('',#1427,#1431,#1706,.T.);
#1044=EDGE_CURVE('',#1430,#1423,#1707,.T.);
#1045=EDGE_CURVE('',#1432,#1430,#1708,.T.);
#1046=EDGE_CURVE('',#1433,#1425,#1709,.T.);
#1047=EDGE_CURVE('',#1434,#1433,#1710,.T.);
#1048=EDGE_CURVE('',#1434,#1432,#1711,.T.);
#1049=EDGE_CURVE('',#1428,#1435,#1712,.T.);
#1050=EDGE_CURVE('',#1436,#1435,#1713,.T.);
#1051=EDGE_CURVE('',#1436,#1433,#1714,.T.);
#1052=EDGE_CURVE('',#1435,#1431,#1715,.T.);
#1053=EDGE_CURVE('',#1437,#1421,#1716,.T.);
#1054=EDGE_CURVE('',#1437,#1436,#1717,.T.);
#1055=EDGE_CURVE('',#1394,#1429,#1718,.T.);
#1056=EDGE_CURVE('',#1390,#1432,#1719,.T.);
#1057=EDGE_CURVE('',#1437,#1434,#1720,.T.);
#1058=EDGE_CURVE('',#1361,#1403,#1721,.T.);
#1059=EDGE_CURVE('',#1362,#1404,#1722,.T.);
#1060=EDGE_CURVE('',#1363,#1402,#1723,.T.);
#1061=EDGE_CURVE('',#1364,#1418,#1724,.T.);
#1062=EDGE_CURVE('',#1365,#1417,#1725,.T.);
#1063=EDGE_CURVE('',#1366,#1416,#1726,.T.);
#1064=EDGE_CURVE('',#1367,#1415,#1727,.T.);
#1065=EDGE_CURVE('',#1368,#1414,#1728,.T.);
#1066=EDGE_CURVE('',#1369,#1413,#1729,.T.);
#1067=EDGE_CURVE('',#1370,#1412,#1730,.T.);
#1068=EDGE_CURVE('',#1371,#1411,#1731,.T.);
#1069=EDGE_CURVE('',#1372,#1410,#1732,.T.);
#1070=EDGE_CURVE('',#1373,#1409,#1733,.T.);
#1071=EDGE_CURVE('',#1374,#1408,#1734,.T.);
#1072=EDGE_CURVE('',#1375,#1407,#1735,.T.);
#1073=EDGE_CURVE('',#1376,#1406,#1736,.T.);
#1074=EDGE_CURVE('',#1377,#1405,#1737,.T.);
#1075=EDGE_CURVE('',#1438,#1438,#48,.T.);
#1076=EDGE_CURVE('',#1439,#1379,#1738,.T.);
#1077=EDGE_CURVE('',#1440,#1380,#1739,.T.);
#1078=EDGE_CURVE('',#1440,#1439,#1740,.T.);
#1079=EDGE_CURVE('',#1441,#1382,#1741,.T.);
#1080=EDGE_CURVE('',#1441,#1440,#1742,.T.);
#1081=EDGE_CURVE('',#1442,#1381,#1743,.T.);
#1082=EDGE_CURVE('',#1442,#1441,#1744,.T.);
#1083=EDGE_CURVE('',#1439,#1442,#1745,.T.);
#1084=EDGE_CURVE('',#1443,#1387,#1746,.T.);
#1085=EDGE_CURVE('',#1444,#1388,#1747,.T.);
#1086=EDGE_CURVE('',#1444,#1443,#1748,.T.);
#1087=EDGE_CURVE('',#1445,#1389,#1749,.T.);
#1088=EDGE_CURVE('',#1445,#1444,#1750,.T.);
#1089=EDGE_CURVE('',#1443,#1445,#1751,.T.);
#1090=EDGE_CURVE('',#1357,#1446,#1752,.T.);
#1091=EDGE_CURVE('',#1446,#1447,#1753,.T.);
#1092=EDGE_CURVE('',#1358,#1447,#1754,.T.);
#1093=EDGE_CURVE('',#1447,#1448,#1755,.T.);
#1094=EDGE_CURVE('',#1356,#1448,#1756,.T.);
#1095=EDGE_CURVE('',#1448,#1446,#1757,.T.);
#1096=EDGE_CURVE('',#1352,#1449,#1758,.T.);
#1097=EDGE_CURVE('',#1449,#1450,#1759,.T.);
#1098=EDGE_CURVE('',#1353,#1450,#1760,.T.);
#1099=EDGE_CURVE('',#1450,#1451,#1761,.T.);
#1100=EDGE_CURVE('',#1354,#1451,#1762,.T.);
#1101=EDGE_CURVE('',#1451,#1452,#1763,.T.);
#1102=EDGE_CURVE('',#1355,#1452,#1764,.T.);
#1103=EDGE_CURVE('',#1452,#1453,#1765,.T.);
#1104=EDGE_CURVE('',#1351,#1453,#1766,.T.);
#1105=EDGE_CURVE('',#1453,#1449,#1767,.T.);
#1106=EDGE_CURVE('',#1454,#1454,#49,.T.);
#1107=EDGE_CURVE('',#1327,#1259,#1768,.T.);
#1108=EDGE_CURVE('',#1328,#1261,#1769,.T.);
#1109=EDGE_CURVE('',#1329,#1260,#1770,.T.);
#1110=EDGE_CURVE('',#1330,#1262,#1771,.T.);
#1111=EDGE_CURVE('',#1319,#1263,#1772,.T.);
#1112=EDGE_CURVE('',#1320,#1265,#1773,.T.);
#1113=EDGE_CURVE('',#1321,#1264,#1774,.T.);
#1114=EDGE_CURVE('',#1322,#1266,#1775,.T.);
#1115=EDGE_CURVE('',#1331,#1267,#1776,.T.);
#1116=EDGE_CURVE('',#1332,#1269,#1777,.T.);
#1117=EDGE_CURVE('',#1333,#1268,#1778,.T.);
#1118=EDGE_CURVE('',#1334,#1270,#1779,.T.);
#1119=EDGE_CURVE('',#1315,#1271,#1780,.T.);
#1120=EDGE_CURVE('',#1316,#1273,#1781,.T.);
#1121=EDGE_CURVE('',#1317,#1272,#1782,.T.);
#1122=EDGE_CURVE('',#1318,#1274,#1783,.T.);
#1123=EDGE_CURVE('',#1335,#1275,#1784,.T.);
#1124=EDGE_CURVE('',#1336,#1277,#1785,.T.);
#1125=EDGE_CURVE('',#1337,#1276,#1786,.T.);
#1126=EDGE_CURVE('',#1338,#1278,#1787,.T.);
#1127=EDGE_CURVE('',#1311,#1279,#1788,.T.);
#1128=EDGE_CURVE('',#1312,#1281,#1789,.T.);
#1129=EDGE_CURVE('',#1313,#1280,#1790,.T.);
#1130=EDGE_CURVE('',#1314,#1282,#1791,.T.);
#1131=EDGE_CURVE('',#1339,#1283,#1792,.T.);
#1132=EDGE_CURVE('',#1340,#1285,#1793,.T.);
#1133=EDGE_CURVE('',#1341,#1284,#1794,.T.);
#1134=EDGE_CURVE('',#1342,#1286,#1795,.T.);
#1135=EDGE_CURVE('',#1307,#1287,#1796,.T.);
#1136=EDGE_CURVE('',#1308,#1289,#1797,.T.);
#1137=EDGE_CURVE('',#1309,#1288,#1798,.T.);
#1138=EDGE_CURVE('',#1310,#1290,#1799,.T.);
#1139=EDGE_CURVE('',#1343,#1291,#1800,.T.);
#1140=EDGE_CURVE('',#1344,#1293,#1801,.T.);
#1141=EDGE_CURVE('',#1345,#1292,#1802,.T.);
#1142=EDGE_CURVE('',#1346,#1294,#1803,.T.);
#1143=EDGE_CURVE('',#1303,#1295,#1804,.T.);
#1144=EDGE_CURVE('',#1304,#1297,#1805,.T.);
#1145=EDGE_CURVE('',#1305,#1296,#1806,.T.);
#1146=EDGE_CURVE('',#1306,#1298,#1807,.T.);
#1147=EDGE_CURVE('',#1347,#1299,#1808,.T.);
#1148=EDGE_CURVE('',#1348,#1301,#1809,.T.);
#1149=EDGE_CURVE('',#1349,#1300,#1810,.T.);
#1150=EDGE_CURVE('',#1350,#1302,#1811,.T.);
#1151=EDGE_CURVE('',#1455,#1455,#50,.T.);
#1152=EDGE_CURVE('',#1456,#1456,#51,.T.);
#1153=EDGE_CURVE('',#1457,#1457,#52,.F.);
#1154=EDGE_CURVE('',#1458,#1459,#1812,.T.);
#1155=EDGE_CURVE('',#1460,#1458,#1813,.T.);
#1156=EDGE_CURVE('',#1460,#1461,#1814,.T.);
#1157=EDGE_CURVE('',#1461,#1459,#1815,.T.);
#1158=EDGE_CURVE('',#1462,#1463,#1816,.T.);
#1159=EDGE_CURVE('',#1464,#1462,#1817,.T.);
#1160=EDGE_CURVE('',#1464,#1465,#1818,.T.);
#1161=EDGE_CURVE('',#1465,#1463,#1819,.T.);
#1162=EDGE_CURVE('',#1466,#1467,#1820,.T.);
#1163=EDGE_CURVE('',#1468,#1466,#1821,.T.);
#1164=EDGE_CURVE('',#1468,#1469,#1822,.T.);
#1165=EDGE_CURVE('',#1469,#1467,#1823,.T.);
#1166=EDGE_CURVE('',#1470,#1471,#1824,.T.);
#1167=EDGE_CURVE('',#1472,#1470,#1825,.T.);
#1168=EDGE_CURVE('',#1472,#1473,#1826,.T.);
#1169=EDGE_CURVE('',#1473,#1471,#1827,.T.);
#1170=EDGE_CURVE('',#1474,#1475,#1828,.T.);
#1171=EDGE_CURVE('',#1476,#1474,#1829,.T.);
#1172=EDGE_CURVE('',#1476,#1477,#1830,.T.);
#1173=EDGE_CURVE('',#1477,#1475,#1831,.T.);
#1174=EDGE_CURVE('',#1478,#1479,#1832,.T.);
#1175=EDGE_CURVE('',#1480,#1478,#1833,.T.);
#1176=EDGE_CURVE('',#1480,#1481,#1834,.T.);
#1177=EDGE_CURVE('',#1481,#1479,#1835,.T.);
#1178=EDGE_CURVE('',#1482,#1483,#1836,.T.);
#1179=EDGE_CURVE('',#1484,#1482,#1837,.T.);
#1180=EDGE_CURVE('',#1484,#1485,#1838,.T.);
#1181=EDGE_CURVE('',#1485,#1483,#1839,.T.);
#1182=EDGE_CURVE('',#1486,#1487,#1840,.T.);
#1183=EDGE_CURVE('',#1486,#1488,#1841,.T.);
#1184=EDGE_CURVE('',#1488,#1489,#1842,.T.);
#1185=EDGE_CURVE('',#1487,#1489,#1843,.T.);
#1186=EDGE_CURVE('',#1490,#1490,#53,.F.);
#1187=EDGE_CURVE('',#1491,#1492,#1844,.T.);
#1188=EDGE_CURVE('',#1486,#1491,#1845,.T.);
#1189=EDGE_CURVE('',#1487,#1492,#1846,.T.);
#1190=EDGE_CURVE('',#1491,#1493,#1847,.T.);
#1191=EDGE_CURVE('',#1488,#1493,#1848,.T.);
#1192=EDGE_CURVE('',#1493,#1494,#1849,.T.);
#1193=EDGE_CURVE('',#1489,#1494,#1850,.T.);
#1194=EDGE_CURVE('',#1492,#1494,#1851,.T.);
#1195=EDGE_CURVE('',#1495,#1495,#54,.T.);
#1196=EDGE_CURVE('',#1496,#1496,#55,.T.);
#1197=EDGE_CURVE('',#1497,#1482,#1852,.T.);
#1198=EDGE_CURVE('',#1498,#1483,#1853,.T.);
#1199=EDGE_CURVE('',#1498,#1497,#1854,.T.);
#1200=EDGE_CURVE('',#1499,#1485,#1855,.T.);
#1201=EDGE_CURVE('',#1498,#1499,#1856,.T.);
#1202=EDGE_CURVE('',#1500,#1484,#1857,.T.);
#1203=EDGE_CURVE('',#1499,#1500,#1858,.T.);
#1204=EDGE_CURVE('',#1497,#1500,#1859,.T.);
#1205=EDGE_CURVE('',#1501,#1478,#1860,.T.);
#1206=EDGE_CURVE('',#1502,#1479,#1861,.T.);
#1207=EDGE_CURVE('',#1502,#1501,#1862,.T.);
#1208=EDGE_CURVE('',#1503,#1481,#1863,.T.);
#1209=EDGE_CURVE('',#1502,#1503,#1864,.T.);
#1210=EDGE_CURVE('',#1504,#1480,#1865,.T.);
#1211=EDGE_CURVE('',#1503,#1504,#1866,.T.);
#1212=EDGE_CURVE('',#1501,#1504,#1867,.T.);
#1213=EDGE_CURVE('',#1505,#1474,#1868,.T.);
#1214=EDGE_CURVE('',#1506,#1475,#1869,.T.);
#1215=EDGE_CURVE('',#1506,#1505,#1870,.T.);
#1216=EDGE_CURVE('',#1507,#1477,#1871,.T.);
#1217=EDGE_CURVE('',#1506,#1507,#1872,.T.);
#1218=EDGE_CURVE('',#1508,#1476,#1873,.T.);
#1219=EDGE_CURVE('',#1507,#1508,#1874,.T.);
#1220=EDGE_CURVE('',#1505,#1508,#1875,.T.);
#1221=EDGE_CURVE('',#1509,#1470,#1876,.T.);
#1222=EDGE_CURVE('',#1510,#1471,#1877,.T.);
#1223=EDGE_CURVE('',#1510,#1509,#1878,.T.);
#1224=EDGE_CURVE('',#1511,#1473,#1879,.T.);
#1225=EDGE_CURVE('',#1510,#1511,#1880,.T.);
#1226=EDGE_CURVE('',#1512,#1472,#1881,.T.);
#1227=EDGE_CURVE('',#1511,#1512,#1882,.T.);
#1228=EDGE_CURVE('',#1509,#1512,#1883,.T.);
#1229=EDGE_CURVE('',#1513,#1466,#1884,.T.);
#1230=EDGE_CURVE('',#1514,#1467,#1885,.T.);
#1231=EDGE_CURVE('',#1514,#1513,#1886,.T.);
#1232=EDGE_CURVE('',#1515,#1469,#1887,.T.);
#1233=EDGE_CURVE('',#1514,#1515,#1888,.T.);
#1234=EDGE_CURVE('',#1516,#1468,#1889,.T.);
#1235=EDGE_CURVE('',#1515,#1516,#1890,.T.);
#1236=EDGE_CURVE('',#1513,#1516,#1891,.T.);
#1237=EDGE_CURVE('',#1517,#1462,#1892,.T.);
#1238=EDGE_CURVE('',#1518,#1463,#1893,.T.);
#1239=EDGE_CURVE('',#1518,#1517,#1894,.T.);
#1240=EDGE_CURVE('',#1519,#1465,#1895,.T.);
#1241=EDGE_CURVE('',#1518,#1519,#1896,.T.);
#1242=EDGE_CURVE('',#1520,#1464,#1897,.T.);
#1243=EDGE_CURVE('',#1519,#1520,#1898,.T.);
#1244=EDGE_CURVE('',#1517,#1520,#1899,.T.);
#1245=EDGE_CURVE('',#1521,#1458,#1900,.T.);
#1246=EDGE_CURVE('',#1522,#1459,#1901,.T.);
#1247=EDGE_CURVE('',#1522,#1521,#1902,.T.);
#1248=EDGE_CURVE('',#1523,#1461,#1903,.T.);
#1249=EDGE_CURVE('',#1522,#1523,#1904,.T.);
#1250=EDGE_CURVE('',#1524,#1460,#1905,.T.);
#1251=EDGE_CURVE('',#1523,#1524,#1906,.T.);
#1252=EDGE_CURVE('',#1521,#1524,#1907,.T.);
#1253=EDGE_CURVE('',#1525,#1525,#56,.T.);
#1254=EDGE_CURVE('',#1526,#1526,#57,.T.);
#1255=VERTEX_POINT('',#3967);
#1256=VERTEX_POINT('',#3968);
#1257=VERTEX_POINT('',#3970);
#1258=VERTEX_POINT('',#3972);
#1259=VERTEX_POINT('',#3975);
#1260=VERTEX_POINT('',#3976);
#1261=VERTEX_POINT('',#3978);
#1262=VERTEX_POINT('',#3980);
#1263=VERTEX_POINT('',#3983);
#1264=VERTEX_POINT('',#3984);
#1265=VERTEX_POINT('',#3986);
#1266=VERTEX_POINT('',#3988);
#1267=VERTEX_POINT('',#3991);
#1268=VERTEX_POINT('',#3992);
#1269=VERTEX_POINT('',#3994);
#1270=VERTEX_POINT('',#3996);
#1271=VERTEX_POINT('',#3999);
#1272=VERTEX_POINT('',#4000);
#1273=VERTEX_POINT('',#4002);
#1274=VERTEX_POINT('',#4004);
#1275=VERTEX_POINT('',#4007);
#1276=VERTEX_POINT('',#4008);
#1277=VERTEX_POINT('',#4010);
#1278=VERTEX_POINT('',#4012);
#1279=VERTEX_POINT('',#4015);
#1280=VERTEX_POINT('',#4016);
#1281=VERTEX_POINT('',#4018);
#1282=VERTEX_POINT('',#4020);
#1283=VERTEX_POINT('',#4023);
#1284=VERTEX_POINT('',#4024);
#1285=VERTEX_POINT('',#4026);
#1286=VERTEX_POINT('',#4028);
#1287=VERTEX_POINT('',#4031);
#1288=VERTEX_POINT('',#4032);
#1289=VERTEX_POINT('',#4034);
#1290=VERTEX_POINT('',#4036);
#1291=VERTEX_POINT('',#4039);
#1292=VERTEX_POINT('',#4040);
#1293=VERTEX_POINT('',#4042);
#1294=VERTEX_POINT('',#4044);
#1295=VERTEX_POINT('',#4047);
#1296=VERTEX_POINT('',#4048);
#1297=VERTEX_POINT('',#4050);
#1298=VERTEX_POINT('',#4052);
#1299=VERTEX_POINT('',#4055);
#1300=VERTEX_POINT('',#4056);
#1301=VERTEX_POINT('',#4058);
#1302=VERTEX_POINT('',#4060);
#1303=VERTEX_POINT('',#4064);
#1304=VERTEX_POINT('',#4065);
#1305=VERTEX_POINT('',#4067);
#1306=VERTEX_POINT('',#4069);
#1307=VERTEX_POINT('',#4072);
#1308=VERTEX_POINT('',#4073);
#1309=VERTEX_POINT('',#4075);
#1310=VERTEX_POINT('',#4077);
#1311=VERTEX_POINT('',#4080);
#1312=VERTEX_POINT('',#4081);
#1313=VERTEX_POINT('',#4083);
#1314=VERTEX_POINT('',#4085);
#1315=VERTEX_POINT('',#4088);
#1316=VERTEX_POINT('',#4089);
#1317=VERTEX_POINT('',#4091);
#1318=VERTEX_POINT('',#4093);
#1319=VERTEX_POINT('',#4096);
#1320=VERTEX_POINT('',#4097);
#1321=VERTEX_POINT('',#4099);
#1322=VERTEX_POINT('',#4101);
#1323=VERTEX_POINT('',#4104);
#1324=VERTEX_POINT('',#4105);
#1325=VERTEX_POINT('',#4107);
#1326=VERTEX_POINT('',#4109);
#1327=VERTEX_POINT('',#4112);
#1328=VERTEX_POINT('',#4113);
#1329=VERTEX_POINT('',#4115);
#1330=VERTEX_POINT('',#4117);
#1331=VERTEX_POINT('',#4120);
#1332=VERTEX_POINT('',#4121);
#1333=VERTEX_POINT('',#4123);
#1334=VERTEX_POINT('',#4125);
#1335=VERTEX_POINT('',#4128);
#1336=VERTEX_POINT('',#4129);
#1337=VERTEX_POINT('',#4131);
#1338=VERTEX_POINT('',#4133);
#1339=VERTEX_POINT('',#4136);
#1340=VERTEX_POINT('',#4137);
#1341=VERTEX_POINT('',#4139);
#1342=VERTEX_POINT('',#4141);
#1343=VERTEX_POINT('',#4144);
#1344=VERTEX_POINT('',#4145);
#1345=VERTEX_POINT('',#4147);
#1346=VERTEX_POINT('',#4149);
#1347=VERTEX_POINT('',#4152);
#1348=VERTEX_POINT('',#4153);
#1349=VERTEX_POINT('',#4155);
#1350=VERTEX_POINT('',#4157);
#1351=VERTEX_POINT('',#4161);
#1352=VERTEX_POINT('',#4162);
#1353=VERTEX_POINT('',#4164);
#1354=VERTEX_POINT('',#4166);
#1355=VERTEX_POINT('',#4168);
#1356=VERTEX_POINT('',#4171);
#1357=VERTEX_POINT('',#4172);
#1358=VERTEX_POINT('',#4174);
#1359=VERTEX_POINT('',#4177);
#1360=VERTEX_POINT('',#4179);
#1361=VERTEX_POINT('',#4182);
#1362=VERTEX_POINT('',#4183);
#1363=VERTEX_POINT('',#4185);
#1364=VERTEX_POINT('',#4187);
#1365=VERTEX_POINT('',#4189);
#1366=VERTEX_POINT('',#4191);
#1367=VERTEX_POINT('',#4193);
#1368=VERTEX_POINT('',#4195);
#1369=VERTEX_POINT('',#4197);
#1370=VERTEX_POINT('',#4199);
#1371=VERTEX_POINT('',#4201);
#1372=VERTEX_POINT('',#4203);
#1373=VERTEX_POINT('',#4205);
#1374=VERTEX_POINT('',#4207);
#1375=VERTEX_POINT('',#4209);
#1376=VERTEX_POINT('',#4211);
#1377=VERTEX_POINT('',#4213);
#1378=VERTEX_POINT('',#4216);
#1379=VERTEX_POINT('',#4219);
#1380=VERTEX_POINT('',#4220);
#1381=VERTEX_POINT('',#4222);
#1382=VERTEX_POINT('',#4224);
#1383=VERTEX_POINT('',#4227);
#1384=VERTEX_POINT('',#4229);
#1385=VERTEX_POINT('',#4231);
#1386=VERTEX_POINT('',#4233);
#1387=VERTEX_POINT('',#4236);
#1388=VERTEX_POINT('',#4237);
#1389=VERTEX_POINT('',#4239);
#1390=VERTEX_POINT('',#4243);
#1391=VERTEX_POINT('',#4244);
#1392=VERTEX_POINT('',#4246);
#1393=VERTEX_POINT('',#4248);
#1394=VERTEX_POINT('',#4252);
#1395=VERTEX_POINT('',#4253);
#1396=VERTEX_POINT('',#4258);
#1397=VERTEX_POINT('',#4260);
#1398=VERTEX_POINT('',#4262);
#1399=VERTEX_POINT('',#4263);
#1400=VERTEX_POINT('',#4265);
#1401=VERTEX_POINT('',#4267);
#1402=VERTEX_POINT('',#4271);
#1403=VERTEX_POINT('',#4272);
#1404=VERTEX_POINT('',#4274);
#1405=VERTEX_POINT('',#4276);
#1406=VERTEX_POINT('',#4278);
#1407=VERTEX_POINT('',#4280);
#1408=VERTEX_POINT('',#4282);
#1409=VERTEX_POINT('',#4284);
#1410=VERTEX_POINT('',#4286);
#1411=VERTEX_POINT('',#4288);
#1412=VERTEX_POINT('',#4290);
#1413=VERTEX_POINT('',#4292);
#1414=VERTEX_POINT('',#4294);
#1415=VERTEX_POINT('',#4296);
#1416=VERTEX_POINT('',#4298);
#1417=VERTEX_POINT('',#4300);
#1418=VERTEX_POINT('',#4302);
#1419=VERTEX_POINT('',#4308);
#1420=VERTEX_POINT('',#4310);
#1421=VERTEX_POINT('',#4312);
#1422=VERTEX_POINT('',#4315);
#1423=VERTEX_POINT('',#4316);
#1424=VERTEX_POINT('',#4318);
#1425=VERTEX_POINT('',#4320);
#1426=VERTEX_POINT('',#4326);
#1427=VERTEX_POINT('',#4333);
#1428=VERTEX_POINT('',#4335);
#1429=VERTEX_POINT('',#4339);
#1430=VERTEX_POINT('',#4340);
#1431=VERTEX_POINT('',#4342);
#1432=VERTEX_POINT('',#4347);
#1433=VERTEX_POINT('',#4349);
#1434=VERTEX_POINT('',#4351);
#1435=VERTEX_POINT('',#4355);
#1436=VERTEX_POINT('',#4357);
#1437=VERTEX_POINT('',#4363);
#1438=VERTEX_POINT('',#4410);
#1439=VERTEX_POINT('',#4414);
#1440=VERTEX_POINT('',#4416);
#1441=VERTEX_POINT('',#4420);
#1442=VERTEX_POINT('',#4424);
#1443=VERTEX_POINT('',#4431);
#1444=VERTEX_POINT('',#4433);
#1445=VERTEX_POINT('',#4437);
#1446=VERTEX_POINT('',#4444);
#1447=VERTEX_POINT('',#4446);
#1448=VERTEX_POINT('',#4450);
#1449=VERTEX_POINT('',#4457);
#1450=VERTEX_POINT('',#4459);
#1451=VERTEX_POINT('',#4463);
#1452=VERTEX_POINT('',#4467);
#1453=VERTEX_POINT('',#4471);
#1454=VERTEX_POINT('',#4478);
#1455=VERTEX_POINT('',#4571);
#1456=VERTEX_POINT('',#4573);
#1457=VERTEX_POINT('',#4575);
#1458=VERTEX_POINT('',#4577);
#1459=VERTEX_POINT('',#4578);
#1460=VERTEX_POINT('',#4580);
#1461=VERTEX_POINT('',#4582);
#1462=VERTEX_POINT('',#4585);
#1463=VERTEX_POINT('',#4586);
#1464=VERTEX_POINT('',#4588);
#1465=VERTEX_POINT('',#4590);
#1466=VERTEX_POINT('',#4593);
#1467=VERTEX_POINT('',#4594);
#1468=VERTEX_POINT('',#4596);
#1469=VERTEX_POINT('',#4598);
#1470=VERTEX_POINT('',#4601);
#1471=VERTEX_POINT('',#4602);
#1472=VERTEX_POINT('',#4604);
#1473=VERTEX_POINT('',#4606);
#1474=VERTEX_POINT('',#4609);
#1475=VERTEX_POINT('',#4610);
#1476=VERTEX_POINT('',#4612);
#1477=VERTEX_POINT('',#4614);
#1478=VERTEX_POINT('',#4617);
#1479=VERTEX_POINT('',#4618);
#1480=VERTEX_POINT('',#4620);
#1481=VERTEX_POINT('',#4622);
#1482=VERTEX_POINT('',#4625);
#1483=VERTEX_POINT('',#4626);
#1484=VERTEX_POINT('',#4628);
#1485=VERTEX_POINT('',#4630);
#1486=VERTEX_POINT('',#4633);
#1487=VERTEX_POINT('',#4634);
#1488=VERTEX_POINT('',#4636);
#1489=VERTEX_POINT('',#4638);
#1490=VERTEX_POINT('',#4641);
#1491=VERTEX_POINT('',#4644);
#1492=VERTEX_POINT('',#4645);
#1493=VERTEX_POINT('',#4650);
#1494=VERTEX_POINT('',#4654);
#1495=VERTEX_POINT('',#4660);
#1496=VERTEX_POINT('',#4662);
#1497=VERTEX_POINT('',#4665);
#1498=VERTEX_POINT('',#4667);
#1499=VERTEX_POINT('',#4671);
#1500=VERTEX_POINT('',#4675);
#1501=VERTEX_POINT('',#4682);
#1502=VERTEX_POINT('',#4684);
#1503=VERTEX_POINT('',#4688);
#1504=VERTEX_POINT('',#4692);
#1505=VERTEX_POINT('',#4699);
#1506=VERTEX_POINT('',#4701);
#1507=VERTEX_POINT('',#4705);
#1508=VERTEX_POINT('',#4709);
#1509=VERTEX_POINT('',#4716);
#1510=VERTEX_POINT('',#4718);
#1511=VERTEX_POINT('',#4722);
#1512=VERTEX_POINT('',#4726);
#1513=VERTEX_POINT('',#4733);
#1514=VERTEX_POINT('',#4735);
#1515=VERTEX_POINT('',#4739);
#1516=VERTEX_POINT('',#4743);
#1517=VERTEX_POINT('',#4750);
#1518=VERTEX_POINT('',#4752);
#1519=VERTEX_POINT('',#4756);
#1520=VERTEX_POINT('',#4760);
#1521=VERTEX_POINT('',#4767);
#1522=VERTEX_POINT('',#4769);
#1523=VERTEX_POINT('',#4773);
#1524=VERTEX_POINT('',#4777);
#1525=VERTEX_POINT('',#4784);
#1526=VERTEX_POINT('',#4788);
#1527=LINE('',#3966,#1908);
#1528=LINE('',#3969,#1909);
#1529=LINE('',#3971,#1910);
#1530=LINE('',#3973,#1911);
#1531=LINE('',#3974,#1912);
#1532=LINE('',#3977,#1913);
#1533=LINE('',#3979,#1914);
#1534=LINE('',#3981,#1915);
#1535=LINE('',#3982,#1916);
#1536=LINE('',#3985,#1917);
#1537=LINE('',#3987,#1918);
#1538=LINE('',#3989,#1919);
#1539=LINE('',#3990,#1920);
#1540=LINE('',#3993,#1921);
#1541=LINE('',#3995,#1922);
#1542=LINE('',#3997,#1923);
#1543=LINE('',#3998,#1924);
#1544=LINE('',#4001,#1925);
#1545=LINE('',#4003,#1926);
#1546=LINE('',#4005,#1927);
#1547=LINE('',#4006,#1928);
#1548=LINE('',#4009,#1929);
#1549=LINE('',#4011,#1930);
#1550=LINE('',#4013,#1931);
#1551=LINE('',#4014,#1932);
#1552=LINE('',#4017,#1933);
#1553=LINE('',#4019,#1934);
#1554=LINE('',#4021,#1935);
#1555=LINE('',#4022,#1936);
#1556=LINE('',#4025,#1937);
#1557=LINE('',#4027,#1938);
#1558=LINE('',#4029,#1939);
#1559=LINE('',#4030,#1940);
#1560=LINE('',#4033,#1941);
#1561=LINE('',#4035,#1942);
#1562=LINE('',#4037,#1943);
#1563=LINE('',#4038,#1944);
#1564=LINE('',#4041,#1945);
#1565=LINE('',#4043,#1946);
#1566=LINE('',#4045,#1947);
#1567=LINE('',#4046,#1948);
#1568=LINE('',#4049,#1949);
#1569=LINE('',#4051,#1950);
#1570=LINE('',#4053,#1951);
#1571=LINE('',#4054,#1952);
#1572=LINE('',#4057,#1953);
#1573=LINE('',#4059,#1954);
#1574=LINE('',#4061,#1955);
#1575=LINE('',#4063,#1956);
#1576=LINE('',#4066,#1957);
#1577=LINE('',#4068,#1958);
#1578=LINE('',#4070,#1959);
#1579=LINE('',#4071,#1960);
#1580=LINE('',#4074,#1961);
#1581=LINE('',#4076,#1962);
#1582=LINE('',#4078,#1963);
#1583=LINE('',#4079,#1964);
#1584=LINE('',#4082,#1965);
#1585=LINE('',#4084,#1966);
#1586=LINE('',#4086,#1967);
#1587=LINE('',#4087,#1968);
#1588=LINE('',#4090,#1969);
#1589=LINE('',#4092,#1970);
#1590=LINE('',#4094,#1971);
#1591=LINE('',#4095,#1972);
#1592=LINE('',#4098,#1973);
#1593=LINE('',#4100,#1974);
#1594=LINE('',#4102,#1975);
#1595=LINE('',#4103,#1976);
#1596=LINE('',#4106,#1977);
#1597=LINE('',#4108,#1978);
#1598=LINE('',#4110,#1979);
#1599=LINE('',#4111,#1980);
#1600=LINE('',#4114,#1981);
#1601=LINE('',#4116,#1982);
#1602=LINE('',#4118,#1983);
#1603=LINE('',#4119,#1984);
#1604=LINE('',#4122,#1985);
#1605=LINE('',#4124,#1986);
#1606=LINE('',#4126,#1987);
#1607=LINE('',#4127,#1988);
#1608=LINE('',#4130,#1989);
#1609=LINE('',#4132,#1990);
#1610=LINE('',#4134,#1991);
#1611=LINE('',#4135,#1992);
#1612=LINE('',#4138,#1993);
#1613=LINE('',#4140,#1994);
#1614=LINE('',#4142,#1995);
#1615=LINE('',#4143,#1996);
#1616=LINE('',#4146,#1997);
#1617=LINE('',#4148,#1998);
#1618=LINE('',#4150,#1999);
#1619=LINE('',#4151,#2000);
#1620=LINE('',#4154,#2001);
#1621=LINE('',#4156,#2002);
#1622=LINE('',#4158,#2003);
#1623=LINE('',#4160,#2004);
#1624=LINE('',#4163,#2005);
#1625=LINE('',#4165,#2006);
#1626=LINE('',#4167,#2007);
#1627=LINE('',#4169,#2008);
#1628=LINE('',#4170,#2009);
#1629=LINE('',#4173,#2010);
#1630=LINE('',#4175,#2011);
#1631=LINE('',#4176,#2012);
#1632=LINE('',#4178,#2013);
#1633=LINE('',#4180,#2014);
#1634=LINE('',#4181,#2015);
#1635=LINE('',#4184,#2016);
#1636=LINE('',#4186,#2017);
#1637=LINE('',#4188,#2018);
#1638=LINE('',#4190,#2019);
#1639=LINE('',#4192,#2020);
#1640=LINE('',#4194,#2021);
#1641=LINE('',#4196,#2022);
#1642=LINE('',#4198,#2023);
#1643=LINE('',#4200,#2024);
#1644=LINE('',#4202,#2025);
#1645=LINE('',#4204,#2026);
#1646=LINE('',#4206,#2027);
#1647=LINE('',#4208,#2028);
#1648=LINE('',#4210,#2029);
#1649=LINE('',#4212,#2030);
#1650=LINE('',#4214,#2031);
#1651=LINE('',#4218,#2032);
#1652=LINE('',#4221,#2033);
#1653=LINE('',#4223,#2034);
#1654=LINE('',#4225,#2035);
#1655=LINE('',#4230,#2036);
#1656=LINE('',#4232,#2037);
#1657=LINE('',#4234,#2038);
#1658=LINE('',#4235,#2039);
#1659=LINE('',#4238,#2040);
#1660=LINE('',#4240,#2041);
#1661=LINE('',#4242,#2042);
#1662=LINE('',#4245,#2043);
#1663=LINE('',#4247,#2044);
#1664=LINE('',#4249,#2045);
#1665=LINE('',#4251,#2046);
#1666=LINE('',#4254,#2047);
#1667=LINE('',#4255,#2048);
#1668=LINE('',#4261,#2049);
#1669=LINE('',#4264,#2050);
#1670=LINE('',#4266,#2051);
#1671=LINE('',#4268,#2052);
#1672=LINE('',#4270,#2053);
#1673=LINE('',#4273,#2054);
#1674=LINE('',#4275,#2055);
#1675=LINE('',#4277,#2056);
#1676=LINE('',#4279,#2057);
#1677=LINE('',#4281,#2058);
#1678=LINE('',#4283,#2059);
#1679=LINE('',#4285,#2060);
#1680=LINE('',#4287,#2061);
#1681=LINE('',#4289,#2062);
#1682=LINE('',#4291,#2063);
#1683=LINE('',#4293,#2064);
#1684=LINE('',#4295,#2065);
#1685=LINE('',#4297,#2066);
#1686=LINE('',#4299,#2067);
#1687=LINE('',#4301,#2068);
#1688=LINE('',#4303,#2069);
#1689=LINE('',#4304,#2070);
#1690=LINE('',#4305,#2071);
#1691=LINE('',#4311,#2072);
#1692=LINE('',#4313,#2073);
#1693=LINE('',#4314,#2074);
#1694=LINE('',#4317,#2075);
#1695=LINE('',#4319,#2076);
#1696=LINE('',#4321,#2077);
#1697=LINE('',#4322,#2078);
#1698=LINE('',#4323,#2079);
#1699=LINE('',#4327,#2080);
#1700=LINE('',#4328,#2081);
#1701=LINE('',#4332,#2082);
#1702=LINE('',#4334,#2083);
#1703=LINE('',#4336,#2084);
#1704=LINE('',#4338,#2085);
#1705=LINE('',#4341,#2086);
#1706=LINE('',#4343,#2087);
#1707=LINE('',#4344,#2088);
#1708=LINE('',#4346,#2089);
#1709=LINE('',#4348,#2090);
#1710=LINE('',#4350,#2091);
#1711=LINE('',#4352,#2092);
#1712=LINE('',#4354,#2093);
#1713=LINE('',#4356,#2094);
#1714=LINE('',#4358,#2095);
#1715=LINE('',#4360,#2096);
#1716=LINE('',#4362,#2097);
#1717=LINE('',#4364,#2098);
#1718=LINE('',#4365,#2099);
#1719=LINE('',#4367,#2100);
#1720=LINE('',#4368,#2101);
#1721=LINE('',#4374,#2102);
#1722=LINE('',#4375,#2103);
#1723=LINE('',#4377,#2104);
#1724=LINE('',#4379,#2105);
#1725=LINE('',#4381,#2106);
#1726=LINE('',#4383,#2107);
#1727=LINE('',#4385,#2108);
#1728=LINE('',#4387,#2109);
#1729=LINE('',#4389,#2110);
#1730=LINE('',#4391,#2111);
#1731=LINE('',#4393,#2112);
#1732=LINE('',#4395,#2113);
#1733=LINE('',#4397,#2114);
#1734=LINE('',#4399,#2115);
#1735=LINE('',#4401,#2116);
#1736=LINE('',#4403,#2117);
#1737=LINE('',#4405,#2118);
#1738=LINE('',#4413,#2119);
#1739=LINE('',#4415,#2120);
#1740=LINE('',#4417,#2121);
#1741=LINE('',#4419,#2122);
#1742=LINE('',#4421,#2123);
#1743=LINE('',#4423,#2124);
#1744=LINE('',#4425,#2125);
#1745=LINE('',#4427,#2126);
#1746=LINE('',#4430,#2127);
#1747=LINE('',#4432,#2128);
#1748=LINE('',#4434,#2129);
#1749=LINE('',#4436,#2130);
#1750=LINE('',#4438,#2131);
#1751=LINE('',#4440,#2132);
#1752=LINE('',#4443,#2133);
#1753=LINE('',#4445,#2134);
#1754=LINE('',#4447,#2135);
#1755=LINE('',#4449,#2136);
#1756=LINE('',#4451,#2137);
#1757=LINE('',#4453,#2138);
#1758=LINE('',#4456,#2139);
#1759=LINE('',#4458,#2140);
#1760=LINE('',#4460,#2141);
#1761=LINE('',#4462,#2142);
#1762=LINE('',#4464,#2143);
#1763=LINE('',#4466,#2144);
#1764=LINE('',#4468,#2145);
#1765=LINE('',#4470,#2146);
#1766=LINE('',#4472,#2147);
#1767=LINE('',#4474,#2148);
#1768=LINE('',#4481,#2149);
#1769=LINE('',#4482,#2150);
#1770=LINE('',#4484,#2151);
#1771=LINE('',#4486,#2152);
#1772=LINE('',#4489,#2153);
#1773=LINE('',#4490,#2154);
#1774=LINE('',#4492,#2155);
#1775=LINE('',#4494,#2156);
#1776=LINE('',#4497,#2157);
#1777=LINE('',#4498,#2158);
#1778=LINE('',#4500,#2159);
#1779=LINE('',#4502,#2160);
#1780=LINE('',#4505,#2161);
#1781=LINE('',#4506,#2162);
#1782=LINE('',#4508,#2163);
#1783=LINE('',#4510,#2164);
#1784=LINE('',#4513,#2165);
#1785=LINE('',#4514,#2166);
#1786=LINE('',#4516,#2167);
#1787=LINE('',#4518,#2168);
#1788=LINE('',#4521,#2169);
#1789=LINE('',#4522,#2170);
#1790=LINE('',#4524,#2171);
#1791=LINE('',#4526,#2172);
#1792=LINE('',#4529,#2173);
#1793=LINE('',#4530,#2174);
#1794=LINE('',#4532,#2175);
#1795=LINE('',#4534,#2176);
#1796=LINE('',#4537,#2177);
#1797=LINE('',#4538,#2178);
#1798=LINE('',#4540,#2179);
#1799=LINE('',#4542,#2180);
#1800=LINE('',#4545,#2181);
#1801=LINE('',#4546,#2182);
#1802=LINE('',#4548,#2183);
#1803=LINE('',#4550,#2184);
#1804=LINE('',#4553,#2185);
#1805=LINE('',#4554,#2186);
#1806=LINE('',#4556,#2187);
#1807=LINE('',#4558,#2188);
#1808=LINE('',#4561,#2189);
#1809=LINE('',#4562,#2190);
#1810=LINE('',#4564,#2191);
#1811=LINE('',#4566,#2192);
#1812=LINE('',#4576,#2193);
#1813=LINE('',#4579,#2194);
#1814=LINE('',#4581,#2195);
#1815=LINE('',#4583,#2196);
#1816=LINE('',#4584,#2197);
#1817=LINE('',#4587,#2198);
#1818=LINE('',#4589,#2199);
#1819=LINE('',#4591,#2200);
#1820=LINE('',#4592,#2201);
#1821=LINE('',#4595,#2202);
#1822=LINE('',#4597,#2203);
#1823=LINE('',#4599,#2204);
#1824=LINE('',#4600,#2205);
#1825=LINE('',#4603,#2206);
#1826=LINE('',#4605,#2207);
#1827=LINE('',#4607,#2208);
#1828=LINE('',#4608,#2209);
#1829=LINE('',#4611,#2210);
#1830=LINE('',#4613,#2211);
#1831=LINE('',#4615,#2212);
#1832=LINE('',#4616,#2213);
#1833=LINE('',#4619,#2214);
#1834=LINE('',#4621,#2215);
#1835=LINE('',#4623,#2216);
#1836=LINE('',#4624,#2217);
#1837=LINE('',#4627,#2218);
#1838=LINE('',#4629,#2219);
#1839=LINE('',#4631,#2220);
#1840=LINE('',#4632,#2221);
#1841=LINE('',#4635,#2222);
#1842=LINE('',#4637,#2223);
#1843=LINE('',#4639,#2224);
#1844=LINE('',#4643,#2225);
#1845=LINE('',#4646,#2226);
#1846=LINE('',#4647,#2227);
#1847=LINE('',#4649,#2228);
#1848=LINE('',#4651,#2229);
#1849=LINE('',#4653,#2230);
#1850=LINE('',#4655,#2231);
#1851=LINE('',#4657,#2232);
#1852=LINE('',#4664,#2233);
#1853=LINE('',#4666,#2234);
#1854=LINE('',#4668,#2235);
#1855=LINE('',#4670,#2236);
#1856=LINE('',#4672,#2237);
#1857=LINE('',#4674,#2238);
#1858=LINE('',#4676,#2239);
#1859=LINE('',#4678,#2240);
#1860=LINE('',#4681,#2241);
#1861=LINE('',#4683,#2242);
#1862=LINE('',#4685,#2243);
#1863=LINE('',#4687,#2244);
#1864=LINE('',#4689,#2245);
#1865=LINE('',#4691,#2246);
#1866=LINE('',#4693,#2247);
#1867=LINE('',#4695,#2248);
#1868=LINE('',#4698,#2249);
#1869=LINE('',#4700,#2250);
#1870=LINE('',#4702,#2251);
#1871=LINE('',#4704,#2252);
#1872=LINE('',#4706,#2253);
#1873=LINE('',#4708,#2254);
#1874=LINE('',#4710,#2255);
#1875=LINE('',#4712,#2256);
#1876=LINE('',#4715,#2257);
#1877=LINE('',#4717,#2258);
#1878=LINE('',#4719,#2259);
#1879=LINE('',#4721,#2260);
#1880=LINE('',#4723,#2261);
#1881=LINE('',#4725,#2262);
#1882=LINE('',#4727,#2263);
#1883=LINE('',#4729,#2264);
#1884=LINE('',#4732,#2265);
#1885=LINE('',#4734,#2266);
#1886=LINE('',#4736,#2267);
#1887=LINE('',#4738,#2268);
#1888=LINE('',#4740,#2269);
#1889=LINE('',#4742,#2270);
#1890=LINE('',#4744,#2271);
#1891=LINE('',#4746,#2272);
#1892=LINE('',#4749,#2273);
#1893=LINE('',#4751,#2274);
#1894=LINE('',#4753,#2275);
#1895=LINE('',#4755,#2276);
#1896=LINE('',#4757,#2277);
#1897=LINE('',#4759,#2278);
#1898=LINE('',#4761,#2279);
#1899=LINE('',#4763,#2280);
#1900=LINE('',#4766,#2281);
#1901=LINE('',#4768,#2282);
#1902=LINE('',#4770,#2283);
#1903=LINE('',#4772,#2284);
#1904=LINE('',#4774,#2285);
#1905=LINE('',#4776,#2286);
#1906=LINE('',#4778,#2287);
#1907=LINE('',#4780,#2288);
#1908=VECTOR('',#3231,1.);
#1909=VECTOR('',#3232,1.);
#1910=VECTOR('',#3233,1.);
#1911=VECTOR('',#3234,1.);
#1912=VECTOR('',#3235,1.);
#1913=VECTOR('',#3236,1.);
#1914=VECTOR('',#3237,1.);
#1915=VECTOR('',#3238,1.);
#1916=VECTOR('',#3239,1.);
#1917=VECTOR('',#3240,1.);
#1918=VECTOR('',#3241,1.);
#1919=VECTOR('',#3242,1.);
#1920=VECTOR('',#3243,1.);
#1921=VECTOR('',#3244,1.);
#1922=VECTOR('',#3245,1.);
#1923=VECTOR('',#3246,1.);
#1924=VECTOR('',#3247,1.);
#1925=VECTOR('',#3248,1.);
#1926=VECTOR('',#3249,1.);
#1927=VECTOR('',#3250,1.);
#1928=VECTOR('',#3251,1.);
#1929=VECTOR('',#3252,1.);
#1930=VECTOR('',#3253,1.);
#1931=VECTOR('',#3254,1.);
#1932=VECTOR('',#3255,1.);
#1933=VECTOR('',#3256,1.);
#1934=VECTOR('',#3257,1.);
#1935=VECTOR('',#3258,1.);
#1936=VECTOR('',#3259,1.);
#1937=VECTOR('',#3260,1.);
#1938=VECTOR('',#3261,1.);
#1939=VECTOR('',#3262,1.);
#1940=VECTOR('',#3263,1.);
#1941=VECTOR('',#3264,1.);
#1942=VECTOR('',#3265,1.);
#1943=VECTOR('',#3266,1.);
#1944=VECTOR('',#3267,1.);
#1945=VECTOR('',#3268,1.);
#1946=VECTOR('',#3269,1.);
#1947=VECTOR('',#3270,1.);
#1948=VECTOR('',#3271,1.);
#1949=VECTOR('',#3272,1.);
#1950=VECTOR('',#3273,1.);
#1951=VECTOR('',#3274,1.);
#1952=VECTOR('',#3275,1.);
#1953=VECTOR('',#3276,1.);
#1954=VECTOR('',#3277,1.);
#1955=VECTOR('',#3278,1.);
#1956=VECTOR('',#3281,1.);
#1957=VECTOR('',#3282,1.);
#1958=VECTOR('',#3283,1.);
#1959=VECTOR('',#3284,1.);
#1960=VECTOR('',#3285,1.);
#1961=VECTOR('',#3286,1.);
#1962=VECTOR('',#3287,1.);
#1963=VECTOR('',#3288,1.);
#1964=VECTOR('',#3289,1.);
#1965=VECTOR('',#3290,1.);
#1966=VECTOR('',#3291,1.);
#1967=VECTOR('',#3292,1.);
#1968=VECTOR('',#3293,1.);
#1969=VECTOR('',#3294,1.);
#1970=VECTOR('',#3295,1.);
#1971=VECTOR('',#3296,1.);
#1972=VECTOR('',#3297,1.);
#1973=VECTOR('',#3298,1.);
#1974=VECTOR('',#3299,1.);
#1975=VECTOR('',#3300,1.);
#1976=VECTOR('',#3301,1.);
#1977=VECTOR('',#3302,1.);
#1978=VECTOR('',#3303,1.);
#1979=VECTOR('',#3304,1.);
#1980=VECTOR('',#3305,1.);
#1981=VECTOR('',#3306,1.);
#1982=VECTOR('',#3307,1.);
#1983=VECTOR('',#3308,1.);
#1984=VECTOR('',#3309,1.);
#1985=VECTOR('',#3310,1.);
#1986=VECTOR('',#3311,1.);
#1987=VECTOR('',#3312,1.);
#1988=VECTOR('',#3313,1.);
#1989=VECTOR('',#3314,1.);
#1990=VECTOR('',#3315,1.);
#1991=VECTOR('',#3316,1.);
#1992=VECTOR('',#3317,1.);
#1993=VECTOR('',#3318,1.);
#1994=VECTOR('',#3319,1.);
#1995=VECTOR('',#3320,1.);
#1996=VECTOR('',#3321,1.);
#1997=VECTOR('',#3322,1.);
#1998=VECTOR('',#3323,1.);
#1999=VECTOR('',#3324,1.);
#2000=VECTOR('',#3325,1.);
#2001=VECTOR('',#3326,1.);
#2002=VECTOR('',#3327,1.);
#2003=VECTOR('',#3328,1.);
#2004=VECTOR('',#3331,1.);
#2005=VECTOR('',#3332,1.);
#2006=VECTOR('',#3333,1.);
#2007=VECTOR('',#3334,1.);
#2008=VECTOR('',#3335,1.);
#2009=VECTOR('',#3336,1.);
#2010=VECTOR('',#3337,1.);
#2011=VECTOR('',#3338,1.);
#2012=VECTOR('',#3339,1.);
#2013=VECTOR('',#3340,1.);
#2014=VECTOR('',#3341,1.);
#2015=VECTOR('',#3342,1.);
#2016=VECTOR('',#3343,1.);
#2017=VECTOR('',#3344,1.);
#2018=VECTOR('',#3345,1.);
#2019=VECTOR('',#3346,1.);
#2020=VECTOR('',#3347,1.);
#2021=VECTOR('',#3348,1.);
#2022=VECTOR('',#3349,1.);
#2023=VECTOR('',#3350,1.);
#2024=VECTOR('',#3351,1.);
#2025=VECTOR('',#3352,1.);
#2026=VECTOR('',#3353,1.);
#2027=VECTOR('',#3354,1.);
#2028=VECTOR('',#3355,1.);
#2029=VECTOR('',#3356,1.);
#2030=VECTOR('',#3357,1.);
#2031=VECTOR('',#3358,1.);
#2032=VECTOR('',#3363,1.);
#2033=VECTOR('',#3364,1.);
#2034=VECTOR('',#3365,1.);
#2035=VECTOR('',#3366,1.);
#2036=VECTOR('',#3371,1.);
#2037=VECTOR('',#3372,1.);
#2038=VECTOR('',#3373,1.);
#2039=VECTOR('',#3374,1.);
#2040=VECTOR('',#3375,1.);
#2041=VECTOR('',#3376,1.);
#2042=VECTOR('',#3379,1.);
#2043=VECTOR('',#3380,1.);
#2044=VECTOR('',#3381,1.);
#2045=VECTOR('',#3382,1.);
#2046=VECTOR('',#3385,1.);
#2047=VECTOR('',#3386,1.);
#2048=VECTOR('',#3387,1.);
#2049=VECTOR('',#3394,1.);
#2050=VECTOR('',#3395,1.);
#2051=VECTOR('',#3396,1.);
#2052=VECTOR('',#3397,1.);
#2053=VECTOR('',#3400,1.);
#2054=VECTOR('',#3401,1.);
#2055=VECTOR('',#3402,1.);
#2056=VECTOR('',#3403,1.);
#2057=VECTOR('',#3404,1.);
#2058=VECTOR('',#3405,1.);
#2059=VECTOR('',#3406,1.);
#2060=VECTOR('',#3407,1.);
#2061=VECTOR('',#3408,1.);
#2062=VECTOR('',#3409,1.);
#2063=VECTOR('',#3410,1.);
#2064=VECTOR('',#3411,1.);
#2065=VECTOR('',#3412,1.);
#2066=VECTOR('',#3413,1.);
#2067=VECTOR('',#3414,1.);
#2068=VECTOR('',#3415,1.);
#2069=VECTOR('',#3416,1.);
#2070=VECTOR('',#3417,1.);
#2071=VECTOR('',#3418,1.);
#2072=VECTOR('',#3425,1.);
#2073=VECTOR('',#3426,1.);
#2074=VECTOR('',#3427,1.);
#2075=VECTOR('',#3428,1.);
#2076=VECTOR('',#3429,1.);
#2077=VECTOR('',#3430,1.);
#2078=VECTOR('',#3431,1.);
#2079=VECTOR('',#3432,1.);
#2080=VECTOR('',#3437,1.);
#2081=VECTOR('',#3438,1.);
#2082=VECTOR('',#3445,1.);
#2083=VECTOR('',#3446,1.);
#2084=VECTOR('',#3447,1.);
#2085=VECTOR('',#3450,1.);
#2086=VECTOR('',#3451,1.);
#2087=VECTOR('',#3452,1.);
#2088=VECTOR('',#3453,1.);
#2089=VECTOR('',#3456,1.);
#2090=VECTOR('',#3457,1.);
#2091=VECTOR('',#3458,1.);
#2092=VECTOR('',#3459,1.);
#2093=VECTOR('',#3462,1.);
#2094=VECTOR('',#3463,1.);
#2095=VECTOR('',#3464,1.);
#2096=VECTOR('',#3467,1.);
#2097=VECTOR('',#3470,1.);
#2098=VECTOR('',#3471,1.);
#2099=VECTOR('',#3472,1.);
#2100=VECTOR('',#3475,1.);
#2101=VECTOR('',#3476,1.);
#2102=VECTOR('',#3487,1.);
#2103=VECTOR('',#3488,1.);
#2104=VECTOR('',#3491,1.);
#2105=VECTOR('',#3494,1.);
#2106=VECTOR('',#3497,1.);
#2107=VECTOR('',#3500,1.);
#2108=VECTOR('',#3503,1.);
#2109=VECTOR('',#3506,1.);
#2110=VECTOR('',#3509,1.);
#2111=VECTOR('',#3512,1.);
#2112=VECTOR('',#3515,1.);
#2113=VECTOR('',#3518,1.);
#2114=VECTOR('',#3521,1.);
#2115=VECTOR('',#3524,1.);
#2116=VECTOR('',#3527,1.);
#2117=VECTOR('',#3530,1.);
#2118=VECTOR('',#3533,1.);
#2119=VECTOR('',#3546,1.);
#2120=VECTOR('',#3547,1.);
#2121=VECTOR('',#3548,1.);
#2122=VECTOR('',#3551,1.);
#2123=VECTOR('',#3552,1.);
#2124=VECTOR('',#3555,1.);
#2125=VECTOR('',#3556,1.);
#2126=VECTOR('',#3559,1.);
#2127=VECTOR('',#3564,1.);
#2128=VECTOR('',#3565,1.);
#2129=VECTOR('',#3566,1.);
#2130=VECTOR('',#3569,1.);
#2131=VECTOR('',#3570,1.);
#2132=VECTOR('',#3573,1.);
#2133=VECTOR('',#3578,1.);
#2134=VECTOR('',#3579,1.);
#2135=VECTOR('',#3580,1.);
#2136=VECTOR('',#3583,1.);
#2137=VECTOR('',#3584,1.);
#2138=VECTOR('',#3587,1.);
#2139=VECTOR('',#3592,1.);
#2140=VECTOR('',#3593,1.);
#2141=VECTOR('',#3594,1.);
#2142=VECTOR('',#3597,1.);
#2143=VECTOR('',#3598,1.);
#2144=VECTOR('',#3601,1.);
#2145=VECTOR('',#3602,1.);
#2146=VECTOR('',#3605,1.);
#2147=VECTOR('',#3606,1.);
#2148=VECTOR('',#3609,1.);
#2149=VECTOR('',#3620,1.);
#2150=VECTOR('',#3621,1.);
#2151=VECTOR('',#3624,1.);
#2152=VECTOR('',#3627,1.);
#2153=VECTOR('',#3632,1.);
#2154=VECTOR('',#3633,1.);
#2155=VECTOR('',#3636,1.);
#2156=VECTOR('',#3639,1.);
#2157=VECTOR('',#3644,1.);
#2158=VECTOR('',#3645,1.);
#2159=VECTOR('',#3648,1.);
#2160=VECTOR('',#3651,1.);
#2161=VECTOR('',#3656,1.);
#2162=VECTOR('',#3657,1.);
#2163=VECTOR('',#3660,1.);
#2164=VECTOR('',#3663,1.);
#2165=VECTOR('',#3668,1.);
#2166=VECTOR('',#3669,1.);
#2167=VECTOR('',#3672,1.);
#2168=VECTOR('',#3675,1.);
#2169=VECTOR('',#3680,1.);
#2170=VECTOR('',#3681,1.);
#2171=VECTOR('',#3684,1.);
#2172=VECTOR('',#3687,1.);
#2173=VECTOR('',#3692,1.);
#2174=VECTOR('',#3693,1.);
#2175=VECTOR('',#3696,1.);
#2176=VECTOR('',#3699,1.);
#2177=VECTOR('',#3704,1.);
#2178=VECTOR('',#3705,1.);
#2179=VECTOR('',#3708,1.);
#2180=VECTOR('',#3711,1.);
#2181=VECTOR('',#3716,1.);
#2182=VECTOR('',#3717,1.);
#2183=VECTOR('',#3720,1.);
#2184=VECTOR('',#3723,1.);
#2185=VECTOR('',#3728,1.);
#2186=VECTOR('',#3729,1.);
#2187=VECTOR('',#3732,1.);
#2188=VECTOR('',#3735,1.);
#2189=VECTOR('',#3740,1.);
#2190=VECTOR('',#3741,1.);
#2191=VECTOR('',#3744,1.);
#2192=VECTOR('',#3747,1.);
#2193=VECTOR('',#3760,1.);
#2194=VECTOR('',#3761,1.);
#2195=VECTOR('',#3762,1.);
#2196=VECTOR('',#3763,1.);
#2197=VECTOR('',#3764,1.);
#2198=VECTOR('',#3765,1.);
#2199=VECTOR('',#3766,1.);
#2200=VECTOR('',#3767,1.);
#2201=VECTOR('',#3768,1.);
#2202=VECTOR('',#3769,1.);
#2203=VECTOR('',#3770,1.);
#2204=VECTOR('',#3771,1.);
#2205=VECTOR('',#3772,1.);
#2206=VECTOR('',#3773,1.);
#2207=VECTOR('',#3774,1.);
#2208=VECTOR('',#3775,1.);
#2209=VECTOR('',#3776,1.);
#2210=VECTOR('',#3777,1.);
#2211=VECTOR('',#3778,1.);
#2212=VECTOR('',#3779,1.);
#2213=VECTOR('',#3780,1.);
#2214=VECTOR('',#3781,1.);
#2215=VECTOR('',#3782,1.);
#2216=VECTOR('',#3783,1.);
#2217=VECTOR('',#3784,1.);
#2218=VECTOR('',#3785,1.);
#2219=VECTOR('',#3786,1.);
#2220=VECTOR('',#3787,1.);
#2221=VECTOR('',#3788,1.);
#2222=VECTOR('',#3789,1.);
#2223=VECTOR('',#3790,1.);
#2224=VECTOR('',#3791,1.);
#2225=VECTOR('',#3796,1.);
#2226=VECTOR('',#3797,1.);
#2227=VECTOR('',#3798,1.);
#2228=VECTOR('',#3801,1.);
#2229=VECTOR('',#3802,1.);
#2230=VECTOR('',#3805,1.);
#2231=VECTOR('',#3806,1.);
#2232=VECTOR('',#3809,1.);
#2233=VECTOR('',#3818,1.);
#2234=VECTOR('',#3819,1.);
#2235=VECTOR('',#3820,1.);
#2236=VECTOR('',#3823,1.);
#2237=VECTOR('',#3824,1.);
#2238=VECTOR('',#3827,1.);
#2239=VECTOR('',#3828,1.);
#2240=VECTOR('',#3831,1.);
#2241=VECTOR('',#3836,1.);
#2242=VECTOR('',#3837,1.);
#2243=VECTOR('',#3838,1.);
#2244=VECTOR('',#3841,1.);
#2245=VECTOR('',#3842,1.);
#2246=VECTOR('',#3845,1.);
#2247=VECTOR('',#3846,1.);
#2248=VECTOR('',#3849,1.);
#2249=VECTOR('',#3854,1.);
#2250=VECTOR('',#3855,1.);
#2251=VECTOR('',#3856,1.);
#2252=VECTOR('',#3859,1.);
#2253=VECTOR('',#3860,1.);
#2254=VECTOR('',#3863,1.);
#2255=VECTOR('',#3864,1.);
#2256=VECTOR('',#3867,1.);
#2257=VECTOR('',#3872,1.);
#2258=VECTOR('',#3873,1.);
#2259=VECTOR('',#3874,1.);
#2260=VECTOR('',#3877,1.);
#2261=VECTOR('',#3878,1.);
#2262=VECTOR('',#3881,1.);
#2263=VECTOR('',#3882,1.);
#2264=VECTOR('',#3885,1.);
#2265=VECTOR('',#3890,1.);
#2266=VECTOR('',#3891,1.);
#2267=VECTOR('',#3892,1.);
#2268=VECTOR('',#3895,1.);
#2269=VECTOR('',#3896,1.);
#2270=VECTOR('',#3899,1.);
#2271=VECTOR('',#3900,1.);
#2272=VECTOR('',#3903,1.);
#2273=VECTOR('',#3908,1.);
#2274=VECTOR('',#3909,1.);
#2275=VECTOR('',#3910,1.);
#2276=VECTOR('',#3913,1.);
#2277=VECTOR('',#3914,1.);
#2278=VECTOR('',#3917,1.);
#2279=VECTOR('',#3918,1.);
#2280=VECTOR('',#3921,1.);
#2281=VECTOR('',#3926,1.);
#2282=VECTOR('',#3927,1.);
#2283=VECTOR('',#3928,1.);
#2284=VECTOR('',#3931,1.);
#2285=VECTOR('',#3932,1.);
#2286=VECTOR('',#3935,1.);
#2287=VECTOR('',#3936,1.);
#2288=VECTOR('',#3939,1.);
#2289=EDGE_LOOP('',(#58,#59,#60,#61));
#2290=EDGE_LOOP('',(#62,#63,#64,#65));
#2291=EDGE_LOOP('',(#66,#67,#68,#69));
#2292=EDGE_LOOP('',(#70,#71,#72,#73));
#2293=EDGE_LOOP('',(#74,#75,#76,#77));
#2294=EDGE_LOOP('',(#78,#79,#80,#81));
#2295=EDGE_LOOP('',(#82,#83,#84,#85));
#2296=EDGE_LOOP('',(#86,#87,#88,#89));
#2297=EDGE_LOOP('',(#90,#91,#92,#93));
#2298=EDGE_LOOP('',(#94,#95,#96,#97));
#2299=EDGE_LOOP('',(#98,#99,#100,#101));
#2300=EDGE_LOOP('',(#102,#103,#104,#105));
#2301=EDGE_LOOP('',(#106,#107,#108,#109));
#2302=EDGE_LOOP('',(#110,#111,#112,#113));
#2303=EDGE_LOOP('',(#114,#115,#116,#117));
#2304=EDGE_LOOP('',(#118,#119,#120,#121));
#2305=EDGE_LOOP('',(#122,#123,#124,#125));
#2306=EDGE_LOOP('',(#126,#127,#128,#129));
#2307=EDGE_LOOP('',(#130,#131,#132,#133));
#2308=EDGE_LOOP('',(#134,#135,#136,#137));
#2309=EDGE_LOOP('',(#138,#139,#140,#141));
#2310=EDGE_LOOP('',(#142,#143,#144,#145));
#2311=EDGE_LOOP('',(#146,#147,#148,#149));
#2312=EDGE_LOOP('',(#150,#151,#152,#153));
#2313=EDGE_LOOP('',(#154,#155,#156,#157,#158));
#2314=EDGE_LOOP('',(#159,#160,#161));
#2315=EDGE_LOOP('',(#162,#163,#164,#165));
#2316=EDGE_LOOP('',(#166,#167,#168,#169,#170,#171,#172,#173,#174,#175,#176,
#177,#178,#179,#180,#181,#182));
#2317=EDGE_LOOP('',(#183));
#2318=EDGE_LOOP('',(#184,#185,#186,#187));
#2319=EDGE_LOOP('',(#188));
#2320=EDGE_LOOP('',(#189));
#2321=EDGE_LOOP('',(#190,#191,#192,#193));
#2322=EDGE_LOOP('',(#194,#195,#196));
#2323=EDGE_LOOP('',(#197,#198,#199,#200));
#2324=EDGE_LOOP('',(#201,#202,#203,#204));
#2325=EDGE_LOOP('',(#205));
#2326=EDGE_LOOP('',(#206));
#2327=EDGE_LOOP('',(#207,#208,#209,#210));
#2328=EDGE_LOOP('',(#211,#212,#213,#214,#215,#216,#217,#218,#219,#220,#221,
#222,#223,#224,#225,#226,#227));
#2329=EDGE_LOOP('',(#228,#229,#230,#231));
#2330=EDGE_LOOP('',(#232));
#2331=EDGE_LOOP('',(#233));
#2332=EDGE_LOOP('',(#234,#235,#236,#237));
#2333=EDGE_LOOP('',(#238,#239,#240,#241));
#2334=EDGE_LOOP('',(#242,#243,#244,#245));
#2335=EDGE_LOOP('',(#246));
#2336=EDGE_LOOP('',(#247,#248,#249,#250));
#2337=EDGE_LOOP('',(#251,#252,#253,#254));
#2338=EDGE_LOOP('',(#255,#256,#257,#258));
#2339=EDGE_LOOP('',(#259,#260,#261,#262));
#2340=EDGE_LOOP('',(#263,#264,#265,#266));
#2341=EDGE_LOOP('',(#267,#268,#269,#270));
#2342=EDGE_LOOP('',(#271,#272,#273,#274,#275,#276));
#2343=EDGE_LOOP('',(#277,#278,#279,#280,#281,#282));
#2344=EDGE_LOOP('',(#283,#284,#285,#286,#287,#288));
#2345=EDGE_LOOP('',(#289,#290,#291,#292));
#2346=EDGE_LOOP('',(#293,#294,#295,#296,#297,#298,#299,#300));
#2347=EDGE_LOOP('',(#301,#302,#303,#304,#305,#306));
#2348=EDGE_LOOP('',(#307,#308,#309,#310,#311,#312));
#2349=EDGE_LOOP('',(#313,#314,#315,#316));
#2350=EDGE_LOOP('',(#317));
#2351=EDGE_LOOP('',(#318));
#2352=EDGE_LOOP('',(#319));
#2353=EDGE_LOOP('',(#320));
#2354=EDGE_LOOP('',(#321,#322,#323,#324));
#2355=EDGE_LOOP('',(#325,#326,#327,#328));
#2356=EDGE_LOOP('',(#329,#330,#331,#332));
#2357=EDGE_LOOP('',(#333,#334,#335,#336));
#2358=EDGE_LOOP('',(#337,#338,#339,#340));
#2359=EDGE_LOOP('',(#341,#342,#343,#344));
#2360=EDGE_LOOP('',(#345,#346,#347,#348));
#2361=EDGE_LOOP('',(#349,#350,#351,#352));
#2362=EDGE_LOOP('',(#353,#354,#355,#356));
#2363=EDGE_LOOP('',(#357,#358,#359,#360));
#2364=EDGE_LOOP('',(#361,#362,#363,#364));
#2365=EDGE_LOOP('',(#365,#366,#367,#368));
#2366=EDGE_LOOP('',(#369,#370,#371,#372));
#2367=EDGE_LOOP('',(#373,#374,#375,#376));
#2368=EDGE_LOOP('',(#377,#378,#379,#380));
#2369=EDGE_LOOP('',(#381,#382,#383,#384));
#2370=EDGE_LOOP('',(#385,#386,#387,#388));
#2371=EDGE_LOOP('',(#389));
#2372=EDGE_LOOP('',(#390));
#2373=EDGE_LOOP('',(#391));
#2374=EDGE_LOOP('',(#392));
#2375=EDGE_LOOP('',(#393));
#2376=EDGE_LOOP('',(#394,#395,#396,#397));
#2377=EDGE_LOOP('',(#398,#399,#400,#401));
#2378=EDGE_LOOP('',(#402,#403,#404,#405));
#2379=EDGE_LOOP('',(#406,#407,#408,#409));
#2380=EDGE_LOOP('',(#410,#411,#412,#413));
#2381=EDGE_LOOP('',(#414,#415,#416,#417));
#2382=EDGE_LOOP('',(#418,#419,#420,#421));
#2383=EDGE_LOOP('',(#422,#423,#424,#425));
#2384=EDGE_LOOP('',(#426,#427,#428));
#2385=EDGE_LOOP('',(#429,#430,#431,#432));
#2386=EDGE_LOOP('',(#433,#434,#435,#436));
#2387=EDGE_LOOP('',(#437,#438,#439,#440));
#2388=EDGE_LOOP('',(#441,#442,#443));
#2389=EDGE_LOOP('',(#444,#445,#446,#447));
#2390=EDGE_LOOP('',(#448,#449,#450,#451));
#2391=EDGE_LOOP('',(#452,#453,#454,#455));
#2392=EDGE_LOOP('',(#456,#457,#458,#459));
#2393=EDGE_LOOP('',(#460,#461,#462,#463));
#2394=EDGE_LOOP('',(#464,#465,#466,#467,#468));
#2395=EDGE_LOOP('',(#469));
#2396=EDGE_LOOP('',(#470));
#2397=EDGE_LOOP('',(#471));
#2398=EDGE_LOOP('',(#472,#473,#474,#475));
#2399=EDGE_LOOP('',(#476,#477,#478,#479));
#2400=EDGE_LOOP('',(#480,#481,#482,#483));
#2401=EDGE_LOOP('',(#484,#485,#486,#487));
#2402=EDGE_LOOP('',(#488,#489,#490,#491));
#2403=EDGE_LOOP('',(#492,#493,#494,#495));
#2404=EDGE_LOOP('',(#496,#497,#498,#499));
#2405=EDGE_LOOP('',(#500,#501,#502,#503));
#2406=EDGE_LOOP('',(#504,#505,#506,#507));
#2407=EDGE_LOOP('',(#508,#509,#510,#511));
#2408=EDGE_LOOP('',(#512,#513,#514,#515));
#2409=EDGE_LOOP('',(#516,#517,#518,#519));
#2410=EDGE_LOOP('',(#520,#521,#522,#523));
#2411=EDGE_LOOP('',(#524,#525,#526,#527));
#2412=EDGE_LOOP('',(#528,#529,#530,#531));
#2413=EDGE_LOOP('',(#532,#533,#534,#535));
#2414=EDGE_LOOP('',(#536,#537,#538,#539));
#2415=EDGE_LOOP('',(#540,#541,#542,#543));
#2416=EDGE_LOOP('',(#544,#545,#546,#547));
#2417=EDGE_LOOP('',(#548,#549,#550,#551));
#2418=EDGE_LOOP('',(#552,#553,#554,#555));
#2419=EDGE_LOOP('',(#556,#557,#558,#559));
#2420=EDGE_LOOP('',(#560,#561,#562,#563));
#2421=EDGE_LOOP('',(#564,#565,#566,#567));
#2422=EDGE_LOOP('',(#568,#569,#570,#571));
#2423=EDGE_LOOP('',(#572,#573,#574,#575));
#2424=EDGE_LOOP('',(#576,#577,#578,#579));
#2425=EDGE_LOOP('',(#580,#581,#582,#583));
#2426=EDGE_LOOP('',(#584,#585,#586,#587));
#2427=EDGE_LOOP('',(#588,#589,#590,#591));
#2428=EDGE_LOOP('',(#592,#593,#594,#595));
#2429=EDGE_LOOP('',(#596,#597,#598,#599));
#2430=EDGE_LOOP('',(#600,#601,#602,#603));
#2431=EDGE_LOOP('',(#604,#605,#606,#607));
#2432=EDGE_LOOP('',(#608,#609,#610,#611));
#2433=EDGE_LOOP('',(#612,#613,#614,#615));
#2434=EDGE_LOOP('',(#616,#617,#618,#619));
#2435=EDGE_LOOP('',(#620,#621,#622,#623));
#2436=EDGE_LOOP('',(#624,#625,#626,#627));
#2437=EDGE_LOOP('',(#628,#629,#630,#631));
#2438=EDGE_LOOP('',(#632,#633,#634,#635));
#2439=EDGE_LOOP('',(#636,#637,#638,#639));
#2440=EDGE_LOOP('',(#640,#641,#642,#643));
#2441=EDGE_LOOP('',(#644,#645,#646,#647));
#2442=EDGE_LOOP('',(#648));
#2443=EDGE_LOOP('',(#649));
#2444=EDGE_LOOP('',(#650));
#2445=EDGE_LOOP('',(#651,#652,#653,#654));
#2446=EDGE_LOOP('',(#655,#656,#657,#658));
#2447=EDGE_LOOP('',(#659,#660,#661,#662));
#2448=EDGE_LOOP('',(#663,#664,#665,#666));
#2449=EDGE_LOOP('',(#667,#668,#669,#670));
#2450=EDGE_LOOP('',(#671,#672,#673,#674));
#2451=EDGE_LOOP('',(#675,#676,#677,#678));
#2452=EDGE_LOOP('',(#679,#680,#681,#682));
#2453=EDGE_LOOP('',(#683));
#2454=EDGE_LOOP('',(#684,#685,#686,#687));
#2455=EDGE_LOOP('',(#688,#689,#690,#691));
#2456=EDGE_LOOP('',(#692,#693,#694,#695));
#2457=EDGE_LOOP('',(#696,#697,#698,#699));
#2458=EDGE_LOOP('',(#700));
#2459=EDGE_LOOP('',(#701));
#2460=EDGE_LOOP('',(#702,#703,#704,#705));
#2461=EDGE_LOOP('',(#706,#707,#708,#709));
#2462=EDGE_LOOP('',(#710,#711,#712,#713));
#2463=EDGE_LOOP('',(#714,#715,#716,#717));
#2464=EDGE_LOOP('',(#718,#719,#720,#721));
#2465=EDGE_LOOP('',(#722,#723,#724,#725));
#2466=EDGE_LOOP('',(#726,#727,#728,#729));
#2467=EDGE_LOOP('',(#730,#731,#732,#733));
#2468=EDGE_LOOP('',(#734,#735,#736,#737));
#2469=EDGE_LOOP('',(#738,#739,#740,#741));
#2470=EDGE_LOOP('',(#742,#743,#744,#745));
#2471=EDGE_LOOP('',(#746,#747,#748,#749));
#2472=EDGE_LOOP('',(#750,#751,#752,#753));
#2473=EDGE_LOOP('',(#754,#755,#756,#757));
#2474=EDGE_LOOP('',(#758,#759,#760,#761));
#2475=EDGE_LOOP('',(#762,#763,#764,#765));
#2476=EDGE_LOOP('',(#766,#767,#768,#769));
#2477=EDGE_LOOP('',(#770,#771,#772,#773));
#2478=EDGE_LOOP('',(#774,#775,#776,#777));
#2479=EDGE_LOOP('',(#778,#779,#780,#781));
#2480=EDGE_LOOP('',(#782,#783,#784,#785));
#2481=EDGE_LOOP('',(#786,#787,#788,#789));
#2482=EDGE_LOOP('',(#790,#791,#792,#793));
#2483=EDGE_LOOP('',(#794,#795,#796,#797));
#2484=EDGE_LOOP('',(#798,#799,#800,#801));
#2485=EDGE_LOOP('',(#802,#803,#804,#805));
#2486=EDGE_LOOP('',(#806,#807,#808,#809));
#2487=EDGE_LOOP('',(#810,#811,#812,#813));
#2488=EDGE_LOOP('',(#814,#815,#816,#817));
#2489=EDGE_LOOP('',(#818,#819,#820,#821));
#2490=EDGE_LOOP('',(#822,#823,#824,#825));
#2491=EDGE_LOOP('',(#826,#827,#828,#829));
#2492=EDGE_LOOP('',(#830,#831,#832,#833));
#2493=EDGE_LOOP('',(#834,#835,#836,#837));
#2494=EDGE_LOOP('',(#838,#839,#840,#841));
#2495=EDGE_LOOP('',(#842,#843,#844,#845));
#2496=EDGE_LOOP('',(#846));
#2497=EDGE_LOOP('',(#847));
#2498=EDGE_LOOP('',(#848));
#2499=EDGE_LOOP('',(#849));
#2500=EDGE_LOOP('',(#850));
#2501=EDGE_LOOP('',(#851));
#2502=EDGE_LOOP('',(#852));
#2503=EDGE_LOOP('',(#853));
#2504=EDGE_LOOP('',(#854));
#2505=EDGE_LOOP('',(#855));
#2506=FACE_BOUND('',#2289,.T.);
#2507=FACE_BOUND('',#2290,.T.);
#2508=FACE_BOUND('',#2291,.T.);
#2509=FACE_BOUND('',#2292,.T.);
#2510=FACE_BOUND('',#2293,.T.);
#2511=FACE_BOUND('',#2294,.T.);
#2512=FACE_BOUND('',#2295,.T.);
#2513=FACE_BOUND('',#2296,.T.);
#2514=FACE_BOUND('',#2297,.T.);
#2515=FACE_BOUND('',#2298,.T.);
#2516=FACE_BOUND('',#2299,.T.);
#2517=FACE_BOUND('',#2300,.T.);
#2518=FACE_BOUND('',#2301,.T.);
#2519=FACE_BOUND('',#2302,.T.);
#2520=FACE_BOUND('',#2303,.T.);
#2521=FACE_BOUND('',#2304,.T.);
#2522=FACE_BOUND('',#2305,.T.);
#2523=FACE_BOUND('',#2306,.T.);
#2524=FACE_BOUND('',#2307,.T.);
#2525=FACE_BOUND('',#2308,.T.);
#2526=FACE_BOUND('',#2309,.T.);
#2527=FACE_BOUND('',#2310,.T.);
#2528=FACE_BOUND('',#2311,.T.);
#2529=FACE_BOUND('',#2312,.T.);
#2530=FACE_BOUND('',#2313,.T.);
#2531=FACE_BOUND('',#2314,.T.);
#2532=FACE_BOUND('',#2315,.T.);
#2533=FACE_BOUND('',#2316,.T.);
#2534=FACE_BOUND('',#2317,.T.);
#2535=FACE_BOUND('',#2318,.T.);
#2536=FACE_BOUND('',#2319,.T.);
#2537=FACE_BOUND('',#2320,.T.);
#2538=FACE_BOUND('',#2321,.T.);
#2539=FACE_BOUND('',#2322,.T.);
#2540=FACE_BOUND('',#2323,.T.);
#2541=FACE_BOUND('',#2324,.T.);
#2542=FACE_BOUND('',#2325,.T.);
#2543=FACE_BOUND('',#2326,.T.);
#2544=FACE_BOUND('',#2327,.T.);
#2545=FACE_BOUND('',#2328,.T.);
#2546=FACE_BOUND('',#2329,.T.);
#2547=FACE_BOUND('',#2330,.T.);
#2548=FACE_BOUND('',#2331,.T.);
#2549=FACE_BOUND('',#2332,.T.);
#2550=FACE_BOUND('',#2333,.T.);
#2551=FACE_BOUND('',#2334,.T.);
#2552=FACE_BOUND('',#2335,.T.);
#2553=FACE_BOUND('',#2336,.T.);
#2554=FACE_BOUND('',#2337,.T.);
#2555=FACE_BOUND('',#2338,.T.);
#2556=FACE_BOUND('',#2339,.T.);
#2557=FACE_BOUND('',#2340,.T.);
#2558=FACE_BOUND('',#2341,.T.);
#2559=FACE_BOUND('',#2342,.T.);
#2560=FACE_BOUND('',#2343,.T.);
#2561=FACE_BOUND('',#2344,.T.);
#2562=FACE_BOUND('',#2345,.T.);
#2563=FACE_BOUND('',#2346,.T.);
#2564=FACE_BOUND('',#2347,.T.);
#2565=FACE_BOUND('',#2348,.T.);
#2566=FACE_BOUND('',#2349,.T.);
#2567=FACE_BOUND('',#2350,.T.);
#2568=FACE_BOUND('',#2351,.T.);
#2569=FACE_BOUND('',#2352,.T.);
#2570=FACE_BOUND('',#2353,.T.);
#2571=FACE_BOUND('',#2354,.T.);
#2572=FACE_BOUND('',#2355,.T.);
#2573=FACE_BOUND('',#2356,.T.);
#2574=FACE_BOUND('',#2357,.T.);
#2575=FACE_BOUND('',#2358,.T.);
#2576=FACE_BOUND('',#2359,.T.);
#2577=FACE_BOUND('',#2360,.T.);
#2578=FACE_BOUND('',#2361,.T.);
#2579=FACE_BOUND('',#2362,.T.);
#2580=FACE_BOUND('',#2363,.T.);
#2581=FACE_BOUND('',#2364,.T.);
#2582=FACE_BOUND('',#2365,.T.);
#2583=FACE_BOUND('',#2366,.T.);
#2584=FACE_BOUND('',#2367,.T.);
#2585=FACE_BOUND('',#2368,.T.);
#2586=FACE_BOUND('',#2369,.T.);
#2587=FACE_BOUND('',#2370,.T.);
#2588=FACE_BOUND('',#2371,.T.);
#2589=FACE_BOUND('',#2372,.T.);
#2590=FACE_BOUND('',#2373,.T.);
#2591=FACE_BOUND('',#2374,.T.);
#2592=FACE_BOUND('',#2375,.T.);
#2593=FACE_BOUND('',#2376,.T.);
#2594=FACE_BOUND('',#2377,.T.);
#2595=FACE_BOUND('',#2378,.T.);
#2596=FACE_BOUND('',#2379,.T.);
#2597=FACE_BOUND('',#2380,.T.);
#2598=FACE_BOUND('',#2381,.T.);
#2599=FACE_BOUND('',#2382,.T.);
#2600=FACE_BOUND('',#2383,.T.);
#2601=FACE_BOUND('',#2384,.T.);
#2602=FACE_BOUND('',#2385,.T.);
#2603=FACE_BOUND('',#2386,.T.);
#2604=FACE_BOUND('',#2387,.T.);
#2605=FACE_BOUND('',#2388,.T.);
#2606=FACE_BOUND('',#2389,.T.);
#2607=FACE_BOUND('',#2390,.T.);
#2608=FACE_BOUND('',#2391,.T.);
#2609=FACE_BOUND('',#2392,.T.);
#2610=FACE_BOUND('',#2393,.T.);
#2611=FACE_BOUND('',#2394,.T.);
#2612=FACE_BOUND('',#2395,.T.);
#2613=FACE_BOUND('',#2396,.T.);
#2614=FACE_BOUND('',#2397,.T.);
#2615=FACE_BOUND('',#2398,.T.);
#2616=FACE_BOUND('',#2399,.T.);
#2617=FACE_BOUND('',#2400,.T.);
#2618=FACE_BOUND('',#2401,.T.);
#2619=FACE_BOUND('',#2402,.T.);
#2620=FACE_BOUND('',#2403,.T.);
#2621=FACE_BOUND('',#2404,.T.);
#2622=FACE_BOUND('',#2405,.T.);
#2623=FACE_BOUND('',#2406,.T.);
#2624=FACE_BOUND('',#2407,.T.);
#2625=FACE_BOUND('',#2408,.T.);
#2626=FACE_BOUND('',#2409,.T.);
#2627=FACE_BOUND('',#2410,.T.);
#2628=FACE_BOUND('',#2411,.T.);
#2629=FACE_BOUND('',#2412,.T.);
#2630=FACE_BOUND('',#2413,.T.);
#2631=FACE_BOUND('',#2414,.T.);
#2632=FACE_BOUND('',#2415,.T.);
#2633=FACE_BOUND('',#2416,.T.);
#2634=FACE_BOUND('',#2417,.T.);
#2635=FACE_BOUND('',#2418,.T.);
#2636=FACE_BOUND('',#2419,.T.);
#2637=FACE_BOUND('',#2420,.T.);
#2638=FACE_BOUND('',#2421,.T.);
#2639=FACE_BOUND('',#2422,.T.);
#2640=FACE_BOUND('',#2423,.T.);
#2641=FACE_BOUND('',#2424,.T.);
#2642=FACE_BOUND('',#2425,.T.);
#2643=FACE_BOUND('',#2426,.T.);
#2644=FACE_BOUND('',#2427,.T.);
#2645=FACE_BOUND('',#2428,.T.);
#2646=FACE_BOUND('',#2429,.T.);
#2647=FACE_BOUND('',#2430,.T.);
#2648=FACE_BOUND('',#2431,.T.);
#2649=FACE_BOUND('',#2432,.T.);
#2650=FACE_BOUND('',#2433,.T.);
#2651=FACE_BOUND('',#2434,.T.);
#2652=FACE_BOUND('',#2435,.T.);
#2653=FACE_BOUND('',#2436,.T.);
#2654=FACE_BOUND('',#2437,.T.);
#2655=FACE_BOUND('',#2438,.T.);
#2656=FACE_BOUND('',#2439,.T.);
#2657=FACE_BOUND('',#2440,.T.);
#2658=FACE_BOUND('',#2441,.T.);
#2659=FACE_BOUND('',#2442,.T.);
#2660=FACE_BOUND('',#2443,.T.);
#2661=FACE_BOUND('',#2444,.T.);
#2662=FACE_BOUND('',#2445,.T.);
#2663=FACE_BOUND('',#2446,.T.);
#2664=FACE_BOUND('',#2447,.T.);
#2665=FACE_BOUND('',#2448,.T.);
#2666=FACE_BOUND('',#2449,.T.);
#2667=FACE_BOUND('',#2450,.T.);
#2668=FACE_BOUND('',#2451,.T.);
#2669=FACE_BOUND('',#2452,.T.);
#2670=FACE_BOUND('',#2453,.T.);
#2671=FACE_BOUND('',#2454,.T.);
#2672=FACE_BOUND('',#2455,.T.);
#2673=FACE_BOUND('',#2456,.T.);
#2674=FACE_BOUND('',#2457,.T.);
#2675=FACE_BOUND('',#2458,.T.);
#2676=FACE_BOUND('',#2459,.T.);
#2677=FACE_BOUND('',#2460,.T.);
#2678=FACE_BOUND('',#2461,.T.);
#2679=FACE_BOUND('',#2462,.T.);
#2680=FACE_BOUND('',#2463,.T.);
#2681=FACE_BOUND('',#2464,.T.);
#2682=FACE_BOUND('',#2465,.T.);
#2683=FACE_BOUND('',#2466,.T.);
#2684=FACE_BOUND('',#2467,.T.);
#2685=FACE_BOUND('',#2468,.T.);
#2686=FACE_BOUND('',#2469,.T.);
#2687=FACE_BOUND('',#2470,.T.);
#2688=FACE_BOUND('',#2471,.T.);
#2689=FACE_BOUND('',#2472,.T.);
#2690=FACE_BOUND('',#2473,.T.);
#2691=FACE_BOUND('',#2474,.T.);
#2692=FACE_BOUND('',#2475,.T.);
#2693=FACE_BOUND('',#2476,.T.);
#2694=FACE_BOUND('',#2477,.T.);
#2695=FACE_BOUND('',#2478,.T.);
#2696=FACE_BOUND('',#2479,.T.);
#2697=FACE_BOUND('',#2480,.T.);
#2698=FACE_BOUND('',#2481,.T.);
#2699=FACE_BOUND('',#2482,.T.);
#2700=FACE_BOUND('',#2483,.T.);
#2701=FACE_BOUND('',#2484,.T.);
#2702=FACE_BOUND('',#2485,.T.);
#2703=FACE_BOUND('',#2486,.T.);
#2704=FACE_BOUND('',#2487,.T.);
#2705=FACE_BOUND('',#2488,.T.);
#2706=FACE_BOUND('',#2489,.T.);
#2707=FACE_BOUND('',#2490,.T.);
#2708=FACE_BOUND('',#2491,.T.);
#2709=FACE_BOUND('',#2492,.T.);
#2710=FACE_BOUND('',#2493,.T.);
#2711=FACE_BOUND('',#2494,.T.);
#2712=FACE_BOUND('',#2495,.T.);
#2713=FACE_BOUND('',#2496,.T.);
#2714=FACE_BOUND('',#2497,.T.);
#2715=FACE_BOUND('',#2498,.T.);
#2716=FACE_BOUND('',#2499,.T.);
#2717=FACE_BOUND('',#2500,.T.);
#2718=FACE_BOUND('',#2501,.T.);
#2719=FACE_BOUND('',#2502,.T.);
#2720=FACE_BOUND('',#2503,.T.);
#2721=FACE_BOUND('',#2504,.T.);
#2722=FACE_BOUND('',#2505,.T.);
#2723=PLANE('',#3050);
#2724=PLANE('',#3051);
#2725=PLANE('',#3052);
#2726=PLANE('',#3054);
#2727=PLANE('',#3057);
#2728=PLANE('',#3058);
#2729=PLANE('',#3059);
#2730=PLANE('',#3062);
#2731=PLANE('',#3063);
#2732=PLANE('',#3066);
#2733=PLANE('',#3068);
#2734=PLANE('',#3069);
#2735=PLANE('',#3070);
#2736=PLANE('',#3071);
#2737=PLANE('',#3072);
#2738=PLANE('',#3073);
#2739=PLANE('',#3074);
#2740=PLANE('',#3075);
#2741=PLANE('',#3076);
#2742=PLANE('',#3077);
#2743=PLANE('',#3078);
#2744=PLANE('',#3081);
#2745=PLANE('',#3082);
#2746=PLANE('',#3083);
#2747=PLANE('',#3084);
#2748=PLANE('',#3085);
#2749=PLANE('',#3086);
#2750=PLANE('',#3087);
#2751=PLANE('',#3088);
#2752=PLANE('',#3089);
#2753=PLANE('',#3090);
#2754=PLANE('',#3091);
#2755=PLANE('',#3092);
#2756=PLANE('',#3093);
#2757=PLANE('',#3094);
#2758=PLANE('',#3095);
#2759=PLANE('',#3096);
#2760=PLANE('',#3097);
#2761=PLANE('',#3101);
#2762=PLANE('',#3102);
#2763=PLANE('',#3103);
#2764=PLANE('',#3104);
#2765=PLANE('',#3105);
#2766=PLANE('',#3106);
#2767=PLANE('',#3107);
#2768=PLANE('',#3108);
#2769=PLANE('',#3109);
#2770=PLANE('',#3110);
#2771=PLANE('',#3111);
#2772=PLANE('',#3112);
#2773=PLANE('',#3113);
#2774=PLANE('',#3114);
#2775=PLANE('',#3115);
#2776=PLANE('',#3116);
#2777=PLANE('',#3117);
#2778=PLANE('',#3118);
#2779=PLANE('',#3119);
#2780=PLANE('',#3120);
#2781=PLANE('',#3123);
#2782=PLANE('',#3124);
#2783=PLANE('',#3125);
#2784=PLANE('',#3126);
#2785=PLANE('',#3127);
#2786=PLANE('',#3128);
#2787=PLANE('',#3129);
#2788=PLANE('',#3130);
#2789=PLANE('',#3131);
#2790=PLANE('',#3132);
#2791=PLANE('',#3133);
#2792=PLANE('',#3134);
#2793=PLANE('',#3135);
#2794=PLANE('',#3136);
#2795=PLANE('',#3137);
#2796=PLANE('',#3138);
#2797=PLANE('',#3139);
#2798=PLANE('',#3140);
#2799=PLANE('',#3141);
#2800=PLANE('',#3142);
#2801=PLANE('',#3143);
#2802=PLANE('',#3144);
#2803=PLANE('',#3145);
#2804=PLANE('',#3146);
#2805=PLANE('',#3147);
#2806=PLANE('',#3148);
#2807=PLANE('',#3149);
#2808=PLANE('',#3150);
#2809=PLANE('',#3151);
#2810=PLANE('',#3152);
#2811=PLANE('',#3153);
#2812=PLANE('',#3154);
#2813=PLANE('',#3155);
#2814=PLANE('',#3156);
#2815=PLANE('',#3157);
#2816=PLANE('',#3158);
#2817=PLANE('',#3159);
#2818=PLANE('',#3160);
#2819=PLANE('',#3161);
#2820=PLANE('',#3162);
#2821=PLANE('',#3163);
#2822=PLANE('',#3164);
#2823=PLANE('',#3165);
#2824=PLANE('',#3166);
#2825=PLANE('',#3167);
#2826=PLANE('',#3169);
#2827=PLANE('',#3174);
#2828=PLANE('',#3175);
#2829=PLANE('',#3176);
#2830=PLANE('',#3177);
#2831=PLANE('',#3178);
#2832=PLANE('',#3181);
#2833=PLANE('',#3182);
#2834=PLANE('',#3183);
#2835=PLANE('',#3184);
#2836=PLANE('',#3185);
#2837=PLANE('',#3186);
#2838=PLANE('',#3187);
#2839=PLANE('',#3188);
#2840=PLANE('',#3189);
#2841=PLANE('',#3190);
#2842=PLANE('',#3191);
#2843=PLANE('',#3192);
#2844=PLANE('',#3193);
#2845=PLANE('',#3194);
#2846=PLANE('',#3195);
#2847=PLANE('',#3196);
#2848=PLANE('',#3197);
#2849=PLANE('',#3198);
#2850=PLANE('',#3199);
#2851=PLANE('',#3200);
#2852=PLANE('',#3201);
#2853=PLANE('',#3202);
#2854=PLANE('',#3203);
#2855=PLANE('',#3204);
#2856=PLANE('',#3205);
#2857=PLANE('',#3206);
#2858=PLANE('',#3207);
#2859=PLANE('',#3208);
#2860=PLANE('',#3209);
#2861=PLANE('',#3210);
#2862=PLANE('',#3211);
#2863=PLANE('',#3212);
#2864=PLANE('',#3213);
#2865=PLANE('',#3214);
#2866=PLANE('',#3215);
#2867=PLANE('',#3218);
#2868=PLANE('',#3221);
#2869=ADVANCED_FACE('',(#2506,#2507,#2508,#2509,#2510,#2511,#2512,#2513,
#2514,#2515,#2516,#2517),#2723,.T.);
#2870=ADVANCED_FACE('',(#2518,#2519,#2520,#2521,#2522,#2523,#2524,#2525,
#2526,#2527,#2528,#2529),#2724,.F.);
#2871=ADVANCED_FACE('',(#2530,#2531,#2532,#2533,#2534),#2725,.T.);
#2872=ADVANCED_FACE('',(#2535,#2536,#2537,#2538,#2539),#2726,.T.);
#2873=ADVANCED_FACE('',(#2540),#2727,.F.);
#2874=ADVANCED_FACE('',(#2541),#2728,.T.);
#2875=ADVANCED_FACE('',(#2542,#2543,#2544),#2729,.T.);
#2876=ADVANCED_FACE('',(#2545,#2546),#2730,.F.);
#2877=ADVANCED_FACE('',(#2547,#2548,#2549,#2550,#2551),#2731,.F.);
#2878=ADVANCED_FACE('',(#2552,#2553),#2732,.F.);
#2879=ADVANCED_FACE('',(#2554,#2555),#2733,.T.);
#2880=ADVANCED_FACE('',(#2556,#2557),#2734,.F.);
#2881=ADVANCED_FACE('',(#2558),#2735,.T.);
#2882=ADVANCED_FACE('',(#2559),#2736,.F.);
#2883=ADVANCED_FACE('',(#2560),#2737,.F.);
#2884=ADVANCED_FACE('',(#2561),#2738,.T.);
#2885=ADVANCED_FACE('',(#2562),#2739,.T.);
#2886=ADVANCED_FACE('',(#2563),#2740,.T.);
#2887=ADVANCED_FACE('',(#2564),#2741,.F.);
#2888=ADVANCED_FACE('',(#2565),#2742,.F.);
#2889=ADVANCED_FACE('',(#2566),#2743,.T.);
#2890=ADVANCED_FACE('',(#2567,#2568),#31,.F.);
#2891=ADVANCED_FACE('',(#2569,#2570),#32,.F.);
#2892=ADVANCED_FACE('',(#2571),#2744,.F.);
#2893=ADVANCED_FACE('',(#2572),#2745,.F.);
#2894=ADVANCED_FACE('',(#2573),#2746,.F.);
#2895=ADVANCED_FACE('',(#2574),#2747,.F.);
#2896=ADVANCED_FACE('',(#2575),#2748,.F.);
#2897=ADVANCED_FACE('',(#2576),#2749,.F.);
#2898=ADVANCED_FACE('',(#2577),#2750,.F.);
#2899=ADVANCED_FACE('',(#2578),#2751,.F.);
#2900=ADVANCED_FACE('',(#2579),#2752,.F.);
#2901=ADVANCED_FACE('',(#2580),#2753,.F.);
#2902=ADVANCED_FACE('',(#2581),#2754,.F.);
#2903=ADVANCED_FACE('',(#2582),#2755,.F.);
#2904=ADVANCED_FACE('',(#2583),#2756,.F.);
#2905=ADVANCED_FACE('',(#2584),#2757,.F.);
#2906=ADVANCED_FACE('',(#2585),#2758,.F.);
#2907=ADVANCED_FACE('',(#2586),#2759,.F.);
#2908=ADVANCED_FACE('',(#2587),#2760,.F.);
#2909=ADVANCED_FACE('',(#2588,#2589),#33,.F.);
#2910=ADVANCED_FACE('',(#2590,#2591),#34,.T.);
#2911=ADVANCED_FACE('',(#2592),#2761,.T.);
#2912=ADVANCED_FACE('',(#2593),#2762,.T.);
#2913=ADVANCED_FACE('',(#2594),#2763,.T.);
#2914=ADVANCED_FACE('',(#2595),#2764,.T.);
#2915=ADVANCED_FACE('',(#2596),#2765,.T.);
#2916=ADVANCED_FACE('',(#2597),#2766,.T.);
#2917=ADVANCED_FACE('',(#2598),#2767,.T.);
#2918=ADVANCED_FACE('',(#2599),#2768,.T.);
#2919=ADVANCED_FACE('',(#2600),#2769,.T.);
#2920=ADVANCED_FACE('',(#2601),#2770,.T.);
#2921=ADVANCED_FACE('',(#2602),#2771,.F.);
#2922=ADVANCED_FACE('',(#2603),#2772,.F.);
#2923=ADVANCED_FACE('',(#2604),#2773,.F.);
#2924=ADVANCED_FACE('',(#2605),#2774,.F.);
#2925=ADVANCED_FACE('',(#2606),#2775,.F.);
#2926=ADVANCED_FACE('',(#2607),#2776,.F.);
#2927=ADVANCED_FACE('',(#2608),#2777,.F.);
#2928=ADVANCED_FACE('',(#2609),#2778,.F.);
#2929=ADVANCED_FACE('',(#2610),#2779,.F.);
#2930=ADVANCED_FACE('',(#2611),#2780,.F.);
#2931=ADVANCED_FACE('',(#2612,#2613),#35,.T.);
#2932=ADVANCED_FACE('',(#2614),#2781,.F.);
#2933=ADVANCED_FACE('',(#2615),#2782,.T.);
#2934=ADVANCED_FACE('',(#2616),#2783,.F.);
#2935=ADVANCED_FACE('',(#2617),#2784,.F.);
#2936=ADVANCED_FACE('',(#2618),#2785,.T.);
#2937=ADVANCED_FACE('',(#2619),#2786,.T.);
#2938=ADVANCED_FACE('',(#2620),#2787,.F.);
#2939=ADVANCED_FACE('',(#2621),#2788,.F.);
#2940=ADVANCED_FACE('',(#2622),#2789,.T.);
#2941=ADVANCED_FACE('',(#2623),#2790,.T.);
#2942=ADVANCED_FACE('',(#2624),#2791,.F.);
#2943=ADVANCED_FACE('',(#2625),#2792,.F.);
#2944=ADVANCED_FACE('',(#2626),#2793,.T.);
#2945=ADVANCED_FACE('',(#2627),#2794,.T.);
#2946=ADVANCED_FACE('',(#2628),#2795,.F.);
#2947=ADVANCED_FACE('',(#2629),#2796,.F.);
#2948=ADVANCED_FACE('',(#2630),#2797,.T.);
#2949=ADVANCED_FACE('',(#2631),#2798,.T.);
#2950=ADVANCED_FACE('',(#2632),#2799,.F.);
#2951=ADVANCED_FACE('',(#2633),#2800,.F.);
#2952=ADVANCED_FACE('',(#2634),#2801,.T.);
#2953=ADVANCED_FACE('',(#2635),#2802,.T.);
#2954=ADVANCED_FACE('',(#2636),#2803,.F.);
#2955=ADVANCED_FACE('',(#2637),#2804,.F.);
#2956=ADVANCED_FACE('',(#2638),#2805,.T.);
#2957=ADVANCED_FACE('',(#2639),#2806,.T.);
#2958=ADVANCED_FACE('',(#2640),#2807,.F.);
#2959=ADVANCED_FACE('',(#2641),#2808,.F.);
#2960=ADVANCED_FACE('',(#2642),#2809,.T.);
#2961=ADVANCED_FACE('',(#2643),#2810,.T.);
#2962=ADVANCED_FACE('',(#2644),#2811,.F.);
#2963=ADVANCED_FACE('',(#2645),#2812,.F.);
#2964=ADVANCED_FACE('',(#2646),#2813,.T.);
#2965=ADVANCED_FACE('',(#2647),#2814,.T.);
#2966=ADVANCED_FACE('',(#2648),#2815,.F.);
#2967=ADVANCED_FACE('',(#2649),#2816,.F.);
#2968=ADVANCED_FACE('',(#2650),#2817,.T.);
#2969=ADVANCED_FACE('',(#2651),#2818,.T.);
#2970=ADVANCED_FACE('',(#2652),#2819,.F.);
#2971=ADVANCED_FACE('',(#2653),#2820,.F.);
#2972=ADVANCED_FACE('',(#2654),#2821,.T.);
#2973=ADVANCED_FACE('',(#2655),#2822,.T.);
#2974=ADVANCED_FACE('',(#2656),#2823,.F.);
#2975=ADVANCED_FACE('',(#2657),#2824,.F.);
#2976=ADVANCED_FACE('',(#2658),#2825,.T.);
#2977=ADVANCED_FACE('',(#2659,#2660,#2661,#2662,#2663,#2664,#2665,#2666,
#2667,#2668,#2669,#2670),#2826,.T.);
#2978=ADVANCED_FACE('',(#2671),#2827,.T.);
#2979=ADVANCED_FACE('',(#2672),#2828,.F.);
#2980=ADVANCED_FACE('',(#2673),#2829,.F.);
#2981=ADVANCED_FACE('',(#2674),#2830,.T.);
#2982=ADVANCED_FACE('',(#2675,#2676,#2677),#2831,.F.);
#2983=ADVANCED_FACE('',(#2678),#2832,.T.);
#2984=ADVANCED_FACE('',(#2679),#2833,.F.);
#2985=ADVANCED_FACE('',(#2680),#2834,.F.);
#2986=ADVANCED_FACE('',(#2681),#2835,.T.);
#2987=ADVANCED_FACE('',(#2682),#2836,.T.);
#2988=ADVANCED_FACE('',(#2683),#2837,.T.);
#2989=ADVANCED_FACE('',(#2684),#2838,.F.);
#2990=ADVANCED_FACE('',(#2685),#2839,.F.);
#2991=ADVANCED_FACE('',(#2686),#2840,.T.);
#2992=ADVANCED_FACE('',(#2687),#2841,.T.);
#2993=ADVANCED_FACE('',(#2688),#2842,.T.);
#2994=ADVANCED_FACE('',(#2689),#2843,.F.);
#2995=ADVANCED_FACE('',(#2690),#2844,.F.);
#2996=ADVANCED_FACE('',(#2691),#2845,.T.);
#2997=ADVANCED_FACE('',(#2692),#2846,.T.);
#2998=ADVANCED_FACE('',(#2693),#2847,.T.);
#2999=ADVANCED_FACE('',(#2694),#2848,.F.);
#3000=ADVANCED_FACE('',(#2695),#2849,.F.);
#3001=ADVANCED_FACE('',(#2696),#2850,.T.);
#3002=ADVANCED_FACE('',(#2697),#2851,.T.);
#3003=ADVANCED_FACE('',(#2698),#2852,.T.);
#3004=ADVANCED_FACE('',(#2699),#2853,.F.);
#3005=ADVANCED_FACE('',(#2700),#2854,.F.);
#3006=ADVANCED_FACE('',(#2701),#2855,.T.);
#3007=ADVANCED_FACE('',(#2702),#2856,.T.);
#3008=ADVANCED_FACE('',(#2703),#2857,.T.);
#3009=ADVANCED_FACE('',(#2704),#2858,.F.);
#3010=ADVANCED_FACE('',(#2705),#2859,.F.);
#3011=ADVANCED_FACE('',(#2706),#2860,.T.);
#3012=ADVANCED_FACE('',(#2707),#2861,.T.);
#3013=ADVANCED_FACE('',(#2708),#2862,.T.);
#3014=ADVANCED_FACE('',(#2709),#2863,.F.);
#3015=ADVANCED_FACE('',(#2710),#2864,.F.);
#3016=ADVANCED_FACE('',(#2711),#2865,.T.);
#3017=ADVANCED_FACE('',(#2712),#2866,.T.);
#3018=ADVANCED_FACE('',(#2713,#2714),#36,.T.);
#3019=ADVANCED_FACE('',(#2715),#2867,.T.);
#3020=ADVANCED_FACE('',(#2716,#2717),#37,.T.);
#3021=ADVANCED_FACE('',(#2718),#2868,.T.);
#3022=ADVANCED_FACE('',(#2719,#2720),#38,.F.);
#3023=ADVANCED_FACE('',(#2721,#2722),#39,.F.);
#3024=CLOSED_SHELL('',(#2869,#2870,#2871,#2872,#2873,#2874,#2875,#2876,
#2877,#2878,#2879,#2880,#2881,#2882,#2883,#2884,#2885,#2886,#2887,#2888,
#2889,#2890,#2891,#2892,#2893,#2894,#2895,#2896,#2897,#2898,#2899,#2900,
#2901,#2902,#2903,#2904,#2905,#2906,#2907,#2908,#2909,#2910,#2911,#2912,
#2913,#2914,#2915,#2916,#2917,#2918,#2919,#2920,#2921,#2922,#2923,#2924,
#2925,#2926,#2927,#2928,#2929,#2930,#2931,#2932,#2933,#2934,#2935,#2936,
#2937,#2938,#2939,#2940,#2941,#2942,#2943,#2944,#2945,#2946,#2947,#2948,
#2949,#2950,#2951,#2952,#2953,#2954,#2955,#2956,#2957,#2958,#2959,#2960,
#2961,#2962,#2963,#2964,#2965,#2966,#2967,#2968,#2969,#2970,#2971,#2972,
#2973,#2974,#2975,#2976));
#3025=CLOSED_SHELL('',(#2977,#2978,#2979,#2980,#2981,#2982,#2983,#2984,
#2985,#2986,#2987,#2988,#2989,#2990,#2991,#2992,#2993,#2994,#2995,#2996,
#2997,#2998,#2999,#3000,#3001,#3002,#3003,#3004,#3005,#3006,#3007,#3008,
#3009,#3010,#3011,#3012,#3013,#3014,#3015,#3016,#3017,#3018,#3019,#3020,
#3021,#3022,#3023));
#3026=STYLED_ITEM('',(#3028),#3041);
#3027=STYLED_ITEM('',(#3029),#3042);
#3028=PRESENTATION_STYLE_ASSIGNMENT((#3030));
#3029=PRESENTATION_STYLE_ASSIGNMENT((#3031));
#3030=SURFACE_STYLE_USAGE(.BOTH.,#3032);
#3031=SURFACE_STYLE_USAGE(.BOTH.,#3033);
#3032=SURFACE_SIDE_STYLE('',(#3034));
#3033=SURFACE_SIDE_STYLE('',(#3035));
#3034=SURFACE_STYLE_FILL_AREA(#3036);
#3035=SURFACE_STYLE_FILL_AREA(#3037);
#3036=FILL_AREA_STYLE('',(#3038));
#3037=FILL_AREA_STYLE('',(#3039));
#3038=FILL_AREA_STYLE_COLOUR('',#3040);
#3039=FILL_AREA_STYLE_COLOUR('',#10);
#3040=DRAUGHTING_PRE_DEFINED_COLOUR('black');
#3041=MANIFOLD_SOLID_BREP('Part 6',#3024);
#3042=MANIFOLD_SOLID_BREP('Part 7',#3025);
#3043=SHAPE_DEFINITION_REPRESENTATION(#4805,#3046);
#3044=SHAPE_DEFINITION_REPRESENTATION(#4806,#3047);
#3045=SHAPE_DEFINITION_REPRESENTATION(#4808,#3048);
#3046=SHAPE_REPRESENTATION('Assembly 1 Copy 1',(#3049,#3168,#3224,#3225,
#3226),#4796);
#3047=SHAPE_REPRESENTATION('Part 6',(#3049),#4797);
#3048=SHAPE_REPRESENTATION('Part 7',(#3049),#4798);
#3049=AXIS2_PLACEMENT_3D('',#3964,#3227,#3228);
#3050=AXIS2_PLACEMENT_3D('',#3965,#3229,#3230);
#3051=AXIS2_PLACEMENT_3D('',#4062,#3279,#3280);
#3052=AXIS2_PLACEMENT_3D('',#4159,#3329,#3330);
#3053=AXIS2_PLACEMENT_3D('',#4215,#3359,#3360);
#3054=AXIS2_PLACEMENT_3D('',#4217,#3361,#3362);
#3055=AXIS2_PLACEMENT_3D('',#4226,#3367,#3368);
#3056=AXIS2_PLACEMENT_3D('',#4228,#3369,#3370);
#3057=AXIS2_PLACEMENT_3D('',#4241,#3377,#3378);
#3058=AXIS2_PLACEMENT_3D('',#4250,#3383,#3384);
#3059=AXIS2_PLACEMENT_3D('',#4256,#3388,#3389);
#3060=AXIS2_PLACEMENT_3D('',#4257,#3390,#3391);
#3061=AXIS2_PLACEMENT_3D('',#4259,#3392,#3393);
#3062=AXIS2_PLACEMENT_3D('',#4269,#3398,#3399);
#3063=AXIS2_PLACEMENT_3D('',#4306,#3419,#3420);
#3064=AXIS2_PLACEMENT_3D('',#4307,#3421,#3422);
#3065=AXIS2_PLACEMENT_3D('',#4309,#3423,#3424);
#3066=AXIS2_PLACEMENT_3D('',#4324,#3433,#3434);
#3067=AXIS2_PLACEMENT_3D('',#4325,#3435,#3436);
#3068=AXIS2_PLACEMENT_3D('',#4329,#3439,#3440);
#3069=AXIS2_PLACEMENT_3D('',#4330,#3441,#3442);
#3070=AXIS2_PLACEMENT_3D('',#4331,#3443,#3444);
#3071=AXIS2_PLACEMENT_3D('',#4337,#3448,#3449);
#3072=AXIS2_PLACEMENT_3D('',#4345,#3454,#3455);
#3073=AXIS2_PLACEMENT_3D('',#4353,#3460,#3461);
#3074=AXIS2_PLACEMENT_3D('',#4359,#3465,#3466);
#3075=AXIS2_PLACEMENT_3D('',#4361,#3468,#3469);
#3076=AXIS2_PLACEMENT_3D('',#4366,#3473,#3474);
#3077=AXIS2_PLACEMENT_3D('',#4369,#3477,#3478);
#3078=AXIS2_PLACEMENT_3D('',#4370,#3479,#3480);
#3079=AXIS2_PLACEMENT_3D('',#4371,#3481,#3482);
#3080=AXIS2_PLACEMENT_3D('',#4372,#3483,#3484);
#3081=AXIS2_PLACEMENT_3D('',#4373,#3485,#3486);
#3082=AXIS2_PLACEMENT_3D('',#4376,#3489,#3490);
#3083=AXIS2_PLACEMENT_3D('',#4378,#3492,#3493);
#3084=AXIS2_PLACEMENT_3D('',#4380,#3495,#3496);
#3085=AXIS2_PLACEMENT_3D('',#4382,#3498,#3499);
#3086=AXIS2_PLACEMENT_3D('',#4384,#3501,#3502);
#3087=AXIS2_PLACEMENT_3D('',#4386,#3504,#3505);
#3088=AXIS2_PLACEMENT_3D('',#4388,#3507,#3508);
#3089=AXIS2_PLACEMENT_3D('',#4390,#3510,#3511);
#3090=AXIS2_PLACEMENT_3D('',#4392,#3513,#3514);
#3091=AXIS2_PLACEMENT_3D('',#4394,#3516,#3517);
#3092=AXIS2_PLACEMENT_3D('',#4396,#3519,#3520);
#3093=AXIS2_PLACEMENT_3D('',#4398,#3522,#3523);
#3094=AXIS2_PLACEMENT_3D('',#4400,#3525,#3526);
#3095=AXIS2_PLACEMENT_3D('',#4402,#3528,#3529);
#3096=AXIS2_PLACEMENT_3D('',#4404,#3531,#3532);
#3097=AXIS2_PLACEMENT_3D('',#4406,#3534,#3535);
#3098=AXIS2_PLACEMENT_3D('',#4407,#3536,#3537);
#3099=AXIS2_PLACEMENT_3D('',#4408,#3538,#3539);
#3100=AXIS2_PLACEMENT_3D('',#4409,#3540,#3541);
#3101=AXIS2_PLACEMENT_3D('',#4411,#3542,#3543);
#3102=AXIS2_PLACEMENT_3D('',#4412,#3544,#3545);
#3103=AXIS2_PLACEMENT_3D('',#4418,#3549,#3550);
#3104=AXIS2_PLACEMENT_3D('',#4422,#3553,#3554);
#3105=AXIS2_PLACEMENT_3D('',#4426,#3557,#3558);
#3106=AXIS2_PLACEMENT_3D('',#4428,#3560,#3561);
#3107=AXIS2_PLACEMENT_3D('',#4429,#3562,#3563);
#3108=AXIS2_PLACEMENT_3D('',#4435,#3567,#3568);
#3109=AXIS2_PLACEMENT_3D('',#4439,#3571,#3572);
#3110=AXIS2_PLACEMENT_3D('',#4441,#3574,#3575);
#3111=AXIS2_PLACEMENT_3D('',#4442,#3576,#3577);
#3112=AXIS2_PLACEMENT_3D('',#4448,#3581,#3582);
#3113=AXIS2_PLACEMENT_3D('',#4452,#3585,#3586);
#3114=AXIS2_PLACEMENT_3D('',#4454,#3588,#3589);
#3115=AXIS2_PLACEMENT_3D('',#4455,#3590,#3591);
#3116=AXIS2_PLACEMENT_3D('',#4461,#3595,#3596);
#3117=AXIS2_PLACEMENT_3D('',#4465,#3599,#3600);
#3118=AXIS2_PLACEMENT_3D('',#4469,#3603,#3604);
#3119=AXIS2_PLACEMENT_3D('',#4473,#3607,#3608);
#3120=AXIS2_PLACEMENT_3D('',#4475,#3610,#3611);
#3121=AXIS2_PLACEMENT_3D('',#4476,#3612,#3613);
#3122=AXIS2_PLACEMENT_3D('',#4477,#3614,#3615);
#3123=AXIS2_PLACEMENT_3D('',#4479,#3616,#3617);
#3124=AXIS2_PLACEMENT_3D('',#4480,#3618,#3619);
#3125=AXIS2_PLACEMENT_3D('',#4483,#3622,#3623);
#3126=AXIS2_PLACEMENT_3D('',#4485,#3625,#3626);
#3127=AXIS2_PLACEMENT_3D('',#4487,#3628,#3629);
#3128=AXIS2_PLACEMENT_3D('',#4488,#3630,#3631);
#3129=AXIS2_PLACEMENT_3D('',#4491,#3634,#3635);
#3130=AXIS2_PLACEMENT_3D('',#4493,#3637,#3638);
#3131=AXIS2_PLACEMENT_3D('',#4495,#3640,#3641);
#3132=AXIS2_PLACEMENT_3D('',#4496,#3642,#3643);
#3133=AXIS2_PLACEMENT_3D('',#4499,#3646,#3647);
#3134=AXIS2_PLACEMENT_3D('',#4501,#3649,#3650);
#3135=AXIS2_PLACEMENT_3D('',#4503,#3652,#3653);
#3136=AXIS2_PLACEMENT_3D('',#4504,#3654,#3655);
#3137=AXIS2_PLACEMENT_3D('',#4507,#3658,#3659);
#3138=AXIS2_PLACEMENT_3D('',#4509,#3661,#3662);
#3139=AXIS2_PLACEMENT_3D('',#4511,#3664,#3665);
#3140=AXIS2_PLACEMENT_3D('',#4512,#3666,#3667);
#3141=AXIS2_PLACEMENT_3D('',#4515,#3670,#3671);
#3142=AXIS2_PLACEMENT_3D('',#4517,#3673,#3674);
#3143=AXIS2_PLACEMENT_3D('',#4519,#3676,#3677);
#3144=AXIS2_PLACEMENT_3D('',#4520,#3678,#3679);
#3145=AXIS2_PLACEMENT_3D('',#4523,#3682,#3683);
#3146=AXIS2_PLACEMENT_3D('',#4525,#3685,#3686);
#3147=AXIS2_PLACEMENT_3D('',#4527,#3688,#3689);
#3148=AXIS2_PLACEMENT_3D('',#4528,#3690,#3691);
#3149=AXIS2_PLACEMENT_3D('',#4531,#3694,#3695);
#3150=AXIS2_PLACEMENT_3D('',#4533,#3697,#3698);
#3151=AXIS2_PLACEMENT_3D('',#4535,#3700,#3701);
#3152=AXIS2_PLACEMENT_3D('',#4536,#3702,#3703);
#3153=AXIS2_PLACEMENT_3D('',#4539,#3706,#3707);
#3154=AXIS2_PLACEMENT_3D('',#4541,#3709,#3710);
#3155=AXIS2_PLACEMENT_3D('',#4543,#3712,#3713);
#3156=AXIS2_PLACEMENT_3D('',#4544,#3714,#3715);
#3157=AXIS2_PLACEMENT_3D('',#4547,#3718,#3719);
#3158=AXIS2_PLACEMENT_3D('',#4549,#3721,#3722);
#3159=AXIS2_PLACEMENT_3D('',#4551,#3724,#3725);
#3160=AXIS2_PLACEMENT_3D('',#4552,#3726,#3727);
#3161=AXIS2_PLACEMENT_3D('',#4555,#3730,#3731);
#3162=AXIS2_PLACEMENT_3D('',#4557,#3733,#3734);
#3163=AXIS2_PLACEMENT_3D('',#4559,#3736,#3737);
#3164=AXIS2_PLACEMENT_3D('',#4560,#3738,#3739);
#3165=AXIS2_PLACEMENT_3D('',#4563,#3742,#3743);
#3166=AXIS2_PLACEMENT_3D('',#4565,#3745,#3746);
#3167=AXIS2_PLACEMENT_3D('',#4567,#3748,#3749);
#3168=AXIS2_PLACEMENT_3D('',#4568,#3750,#3751);
#3169=AXIS2_PLACEMENT_3D('',#4569,#3752,#3753);
#3170=AXIS2_PLACEMENT_3D('',#4570,#3754,#3755);
#3171=AXIS2_PLACEMENT_3D('',#4572,#3756,#3757);
#3172=AXIS2_PLACEMENT_3D('',#4574,#3758,#3759);
#3173=AXIS2_PLACEMENT_3D('',#4640,#3792,#3793);
#3174=AXIS2_PLACEMENT_3D('',#4642,#3794,#3795);
#3175=AXIS2_PLACEMENT_3D('',#4648,#3799,#3800);
#3176=AXIS2_PLACEMENT_3D('',#4652,#3803,#3804);
#3177=AXIS2_PLACEMENT_3D('',#4656,#3807,#3808);
#3178=AXIS2_PLACEMENT_3D('',#4658,#3810,#3811);
#3179=AXIS2_PLACEMENT_3D('',#4659,#3812,#3813);
#3180=AXIS2_PLACEMENT_3D('',#4661,#3814,#3815);
#3181=AXIS2_PLACEMENT_3D('',#4663,#3816,#3817);
#3182=AXIS2_PLACEMENT_3D('',#4669,#3821,#3822);
#3183=AXIS2_PLACEMENT_3D('',#4673,#3825,#3826);
#3184=AXIS2_PLACEMENT_3D('',#4677,#3829,#3830);
#3185=AXIS2_PLACEMENT_3D('',#4679,#3832,#3833);
#3186=AXIS2_PLACEMENT_3D('',#4680,#3834,#3835);
#3187=AXIS2_PLACEMENT_3D('',#4686,#3839,#3840);
#3188=AXIS2_PLACEMENT_3D('',#4690,#3843,#3844);
#3189=AXIS2_PLACEMENT_3D('',#4694,#3847,#3848);
#3190=AXIS2_PLACEMENT_3D('',#4696,#3850,#3851);
#3191=AXIS2_PLACEMENT_3D('',#4697,#3852,#3853);
#3192=AXIS2_PLACEMENT_3D('',#4703,#3857,#3858);
#3193=AXIS2_PLACEMENT_3D('',#4707,#3861,#3862);
#3194=AXIS2_PLACEMENT_3D('',#4711,#3865,#3866);
#3195=AXIS2_PLACEMENT_3D('',#4713,#3868,#3869);
#3196=AXIS2_PLACEMENT_3D('',#4714,#3870,#3871);
#3197=AXIS2_PLACEMENT_3D('',#4720,#3875,#3876);
#3198=AXIS2_PLACEMENT_3D('',#4724,#3879,#3880);
#3199=AXIS2_PLACEMENT_3D('',#4728,#3883,#3884);
#3200=AXIS2_PLACEMENT_3D('',#4730,#3886,#3887);
#3201=AXIS2_PLACEMENT_3D('',#4731,#3888,#3889);
#3202=AXIS2_PLACEMENT_3D('',#4737,#3893,#3894);
#3203=AXIS2_PLACEMENT_3D('',#4741,#3897,#3898);
#3204=AXIS2_PLACEMENT_3D('',#4745,#3901,#3902);
#3205=AXIS2_PLACEMENT_3D('',#4747,#3904,#3905);
#3206=AXIS2_PLACEMENT_3D('',#4748,#3906,#3907);
#3207=AXIS2_PLACEMENT_3D('',#4754,#3911,#3912);
#3208=AXIS2_PLACEMENT_3D('',#4758,#3915,#3916);
#3209=AXIS2_PLACEMENT_3D('',#4762,#3919,#3920);
#3210=AXIS2_PLACEMENT_3D('',#4764,#3922,#3923);
#3211=AXIS2_PLACEMENT_3D('',#4765,#3924,#3925);
#3212=AXIS2_PLACEMENT_3D('',#4771,#3929,#3930);
#3213=AXIS2_PLACEMENT_3D('',#4775,#3933,#3934);
#3214=AXIS2_PLACEMENT_3D('',#4779,#3937,#3938);
#3215=AXIS2_PLACEMENT_3D('',#4781,#3940,#3941);
#3216=AXIS2_PLACEMENT_3D('',#4782,#3942,#3943);
#3217=AXIS2_PLACEMENT_3D('',#4783,#3944,#3945);
#3218=AXIS2_PLACEMENT_3D('',#4785,#3946,#3947);
#3219=AXIS2_PLACEMENT_3D('',#4786,#3948,#3949);
#3220=AXIS2_PLACEMENT_3D('',#4787,#3950,#3951);
#3221=AXIS2_PLACEMENT_3D('',#4789,#3952,#3953);
#3222=AXIS2_PLACEMENT_3D('',#4790,#3954,#3955);
#3223=AXIS2_PLACEMENT_3D('',#4791,#3956,#3957);
#3224=AXIS2_PLACEMENT_3D('',#4792,#3958,#3959);
#3225=AXIS2_PLACEMENT_3D('',#4793,#3960,#3961);
#3226=AXIS2_PLACEMENT_3D('',#4794,#3962,#3963);
#3227=DIRECTION('',(0.,0.,1.));
#3228=DIRECTION('',(1.,0.,0.));
#3229=DIRECTION('',(1.24596715988915E-16,-1.,0.));
#3230=DIRECTION('',(1.,1.24596715988915E-16,0.));
#3231=DIRECTION('',(-1.,-1.24596715988915E-16,0.));
#3232=DIRECTION('',(0.,0.,-1.));
#3233=DIRECTION('',(-1.,-1.24596715988915E-16,0.));
#3234=DIRECTION('',(0.,0.,-1.));
#3235=DIRECTION('',(-1.,-1.24596715988915E-16,0.));
#3236=DIRECTION('',(0.,0.,-1.));
#3237=DIRECTION('',(-1.,-1.24596715988915E-16,0.));
#3238=DIRECTION('',(0.,0.,-1.));
#3239=DIRECTION('',(-1.,-1.24596715988915E-16,0.));
#3240=DIRECTION('',(0.,0.,-1.));
#3241=DIRECTION('',(-1.,-1.24596715988915E-16,0.));
#3242=DIRECTION('',(0.,0.,-1.));
#3243=DIRECTION('',(-1.,-1.24596715988915E-16,0.));
#3244=DIRECTION('',(0.,0.,-1.));
#3245=DIRECTION('',(-1.,-1.24596715988915E-16,0.));
#3246=DIRECTION('',(0.,0.,-1.));
#3247=DIRECTION('',(-1.,-1.24596715988915E-16,0.));
#3248=DIRECTION('',(0.,0.,-1.));
#3249=DIRECTION('',(-1.,-1.24596715988915E-16,0.));
#3250=DIRECTION('',(0.,0.,-1.));
#3251=DIRECTION('',(-1.,-1.24596715988915E-16,0.));
#3252=DIRECTION('',(0.,0.,-1.));
#3253=DIRECTION('',(-1.,-1.24596715988915E-16,0.));
#3254=DIRECTION('',(0.,0.,-1.));
#3255=DIRECTION('',(-1.,-1.24596715988915E-16,0.));
#3256=DIRECTION('',(0.,0.,-1.));
#3257=DIRECTION('',(-1.,-1.24596715988915E-16,0.));
#3258=DIRECTION('',(0.,0.,-1.));
#3259=DIRECTION('',(-1.,-1.24596715988915E-16,0.));
#3260=DIRECTION('',(0.,0.,-1.));
#3261=DIRECTION('',(-1.,-1.24596715988915E-16,0.));
#3262=DIRECTION('',(0.,0.,-1.));
#3263=DIRECTION('',(-1.,-1.24596715988915E-16,0.));
#3264=DIRECTION('',(0.,0.,-1.));
#3265=DIRECTION('',(-1.,-1.24596715988915E-16,0.));
#3266=DIRECTION('',(0.,0.,-1.));
#3267=DIRECTION('',(-1.,-1.24596715988915E-16,0.));
#3268=DIRECTION('',(0.,0.,-1.));
#3269=DIRECTION('',(-1.,-1.24596715988915E-16,0.));
#3270=DIRECTION('',(0.,0.,-1.));
#3271=DIRECTION('',(-1.,-1.24596715988915E-16,0.));
#3272=DIRECTION('',(0.,0.,-1.));
#3273=DIRECTION('',(-1.,-1.24596715988915E-16,0.));
#3274=DIRECTION('',(0.,0.,-1.));
#3275=DIRECTION('',(-1.,-1.24596715988915E-16,0.));
#3276=DIRECTION('',(0.,0.,-1.));
#3277=DIRECTION('',(-1.,-1.24596715988915E-16,0.));
#3278=DIRECTION('',(0.,0.,-1.));
#3279=DIRECTION('',(0.,-1.,0.));
#3280=DIRECTION('',(0.,0.,-1.));
#3281=DIRECTION('',(0.,0.,-1.));
#3282=DIRECTION('',(-1.,0.,0.));
#3283=DIRECTION('',(0.,0.,-1.));
#3284=DIRECTION('',(-1.,0.,0.));
#3285=DIRECTION('',(0.,0.,-1.));
#3286=DIRECTION('',(-1.,0.,0.));
#3287=DIRECTION('',(0.,0.,-1.));
#3288=DIRECTION('',(-1.,0.,0.));
#3289=DIRECTION('',(0.,0.,-1.));
#3290=DIRECTION('',(-1.,0.,0.));
#3291=DIRECTION('',(0.,0.,-1.));
#3292=DIRECTION('',(-1.,0.,0.));
#3293=DIRECTION('',(0.,0.,-1.));
#3294=DIRECTION('',(-1.,0.,0.));
#3295=DIRECTION('',(0.,0.,-1.));
#3296=DIRECTION('',(-1.,0.,0.));
#3297=DIRECTION('',(0.,0.,-1.));
#3298=DIRECTION('',(-1.,0.,0.));
#3299=DIRECTION('',(0.,0.,-1.));
#3300=DIRECTION('',(-1.,0.,0.));
#3301=DIRECTION('',(-1.,0.,0.));
#3302=DIRECTION('',(0.,0.,-1.));
#3303=DIRECTION('',(-1.,0.,0.));
#3304=DIRECTION('',(0.,0.,-1.));
#3305=DIRECTION('',(0.,0.,-1.));
#3306=DIRECTION('',(-1.,0.,0.));
#3307=DIRECTION('',(0.,0.,-1.));
#3308=DIRECTION('',(-1.,0.,0.));
#3309=DIRECTION('',(0.,0.,-1.));
#3310=DIRECTION('',(-1.,0.,0.));
#3311=DIRECTION('',(0.,0.,-1.));
#3312=DIRECTION('',(-1.,0.,0.));
#3313=DIRECTION('',(0.,0.,-1.));
#3314=DIRECTION('',(-1.,0.,0.));
#3315=DIRECTION('',(0.,0.,-1.));
#3316=DIRECTION('',(-1.,0.,0.));
#3317=DIRECTION('',(0.,0.,-1.));
#3318=DIRECTION('',(-1.,0.,0.));
#3319=DIRECTION('',(0.,0.,-1.));
#3320=DIRECTION('',(-1.,0.,0.));
#3321=DIRECTION('',(0.,0.,-1.));
#3322=DIRECTION('',(-1.,0.,0.));
#3323=DIRECTION('',(0.,0.,-1.));
#3324=DIRECTION('',(-1.,0.,0.));
#3325=DIRECTION('',(0.,0.,-1.));
#3326=DIRECTION('',(-1.,0.,0.));
#3327=DIRECTION('',(0.,0.,-1.));
#3328=DIRECTION('',(-1.,0.,0.));
#3329=DIRECTION('',(-1.,-3.15242260534992E-16,0.));
#3330=DIRECTION('',(3.15242260534992E-16,-1.,0.));
#3331=DIRECTION('',(2.88141430819373E-16,-0.914031736513923,0.405642680995655));
#3332=DIRECTION('',(2.10657631624336E-16,-0.6682404550292,-0.743945357040668));
#3333=DIRECTION('',(-1.57947854485978E-16,0.501036422648182,-0.865426197419464));
#3334=DIRECTION('',(-3.08274774146793E-16,0.977897993827434,0.209082552280865));
#3335=DIRECTION('',(-3.25764338109375E-17,0.103337775067507,0.994646321183614));
#3336=DIRECTION('',(-6.31999598714632E-17,0.200480607403994,-0.979697670740788));
#3337=DIRECTION('',(-2.35865131666871E-16,0.748202767187968,0.663470134348387));
#3338=DIRECTION('',(2.99065091538334E-16,-0.948683374591962,0.3162275363924));
#3339=DIRECTION('',(-3.15242260534992E-16,1.,0.));
#3340=DIRECTION('',(0.,0.,-1.));
#3341=DIRECTION('',(-3.15242260534992E-16,1.,0.));
#3342=DIRECTION('',(-3.05829824166888E-16,0.970142212683892,-0.242536774879199));
#3343=DIRECTION('',(-3.15242260534992E-16,1.,0.));
#3344=DIRECTION('',(-3.06014571050643E-16,0.970728260009656,0.240180443039448));
#3345=DIRECTION('',(-2.07351497966506E-16,0.65775285843533,0.753233813115259));
#3346=DIRECTION('',(-7.75303551646299E-17,0.245938964633278,0.969285316960446));
#3347=DIRECTION('',(0.,0.,1.));
#3348=DIRECTION('',(8.35885670619987E-17,-0.265156603432999,0.964205359690494));
#3349=DIRECTION('',(1.83986751577539E-16,-0.583636062199588,0.812015361246423));
#3350=DIRECTION('',(3.09446686264009E-16,-0.981615490698656,0.190869139518247));
#3351=DIRECTION('',(3.15242260534992E-16,-1.,0.));
#3352=DIRECTION('',(3.13638221884323E-16,-0.994911727101735,-0.100750460422978));
#3353=DIRECTION('',(2.47428235172313E-16,-0.78488282234878,-0.619644216612899));
#3354=DIRECTION('',(1.28031985333233E-16,-0.406138393741856,-0.913811580758739));
#3355=DIRECTION('',(0.,0.,-1.));
#3356=DIRECTION('',(-7.64574786967206E-17,0.242535625036333,-0.970142500145332));
#3357=DIRECTION('',(-2.47880919183666E-16,0.786318810057357,-0.61782095217788));
#3358=DIRECTION('',(-2.92007396340524E-16,0.926295211324029,-0.376798595377124));
#3359=DIRECTION('',(-1.,-3.15242260534992E-16,0.));
#3360=DIRECTION('',(3.15242260534992E-16,-1.,0.));
#3361=DIRECTION('',(1.,0.,0.));
#3362=DIRECTION('',(0.,0.,-1.));
#3363=DIRECTION('',(0.,-0.45985419252053,-0.887994437832407));
#3364=DIRECTION('',(0.,-0.0447313199298479,0.998999053561781));
#3365=DIRECTION('',(0.,0.980580662897165,-0.196116199106949));
#3366=DIRECTION('',(0.,-0.600001215783183,-0.799999088161169));
#3367=DIRECTION('',(1.,0.,0.));
#3368=DIRECTION('',(0.,0.,-1.));
#3369=DIRECTION('',(1.,0.,0.));
#3370=DIRECTION('',(0.,0.,-1.));
#3371=DIRECTION('',(0.,-1.,0.));
#3372=DIRECTION('',(0.,-1.,0.));
#3373=DIRECTION('',(0.,0.,-1.));
#3374=DIRECTION('',(0.,-0.716994829518068,-0.697078485139483));
#3375=DIRECTION('',(0.,-0.384615471081491,0.923076887049374));
#3376=DIRECTION('',(0.,0.9998078215136,-0.0196040822338138));
#3377=DIRECTION('',(0.,0.,1.));
#3378=DIRECTION('',(1.,0.,0.));
#3379=DIRECTION('',(1.,0.,0.));
#3380=DIRECTION('',(0.,1.,0.));
#3381=DIRECTION('',(1.,0.,0.));
#3382=DIRECTION('',(0.,1.,0.));
#3383=DIRECTION('',(1.,0.,0.));
#3384=DIRECTION('',(0.,0.,-1.));
#3385=DIRECTION('',(0.,1.,0.));
#3386=DIRECTION('',(0.,0.,-1.));
#3387=DIRECTION('',(0.,0.,-1.));
#3388=DIRECTION('',(0.,1.,0.));
#3389=DIRECTION('',(0.,0.,1.));
#3390=DIRECTION('',(0.,1.,0.));
#3391=DIRECTION('',(0.,0.,1.));
#3392=DIRECTION('',(0.,1.,0.));
#3393=DIRECTION('',(0.,0.,1.));
#3394=DIRECTION('',(1.,0.,0.));
#3395=DIRECTION('',(0.,0.,-1.));
#3396=DIRECTION('',(1.,0.,0.));
#3397=DIRECTION('',(0.,0.,-1.));
#3398=DIRECTION('',(-1.,-1.80461574487711E-16,0.));
#3399=DIRECTION('',(1.80461574487711E-16,-1.,0.));
#3400=DIRECTION('',(-1.80461574487711E-16,1.,0.));
#3401=DIRECTION('',(-1.75073391177927E-16,0.970142212683892,-0.242536774879199));
#3402=DIRECTION('',(-1.67160692275961E-16,0.926295211324029,-0.376798595377124));
#3403=DIRECTION('',(-1.41900330512254E-16,0.786318810057357,-0.61782095217788));
#3404=DIRECTION('',(-4.37683607634178E-17,0.242535625036333,-0.970142500145332));
#3405=DIRECTION('',(0.,0.,-1.));
#3406=DIRECTION('',(7.32923739945654E-17,-0.406138393741856,-0.913811580758739));
#3407=DIRECTION('',(1.4164118990942E-16,-0.78488282234878,-0.619644216612899));
#3408=DIRECTION('',(1.79543336749067E-16,-0.994911727101735,-0.100750460422978));
#3409=DIRECTION('',(1.80461574487711E-16,-1.,0.));
#3410=DIRECTION('',(1.77143876993007E-16,-0.981615490698656,0.190869139518247));
#3411=DIRECTION('',(1.05323882712345E-16,-0.583636062199588,0.812015361246423));
#3412=DIRECTION('',(4.78505781413326E-17,-0.265156603432999,0.964205359690494));
#3413=DIRECTION('',(0.,0.,1.));
#3414=DIRECTION('',(-4.43825327855989E-17,0.245938964633278,0.969285316960446));
#3415=DIRECTION('',(-1.18699116457032E-16,0.65775285843533,0.753233813115259));
#3416=DIRECTION('',(-1.75179150201059E-16,0.970728260009656,0.240180443039448));
#3417=DIRECTION('',(-1.80461574487711E-16,1.,0.));
#3418=DIRECTION('',(-1.80461574487711E-16,1.,0.));
#3419=DIRECTION('',(0.,1.,0.));
#3420=DIRECTION('',(0.,0.,1.));
#3421=DIRECTION('',(0.,1.,0.));
#3422=DIRECTION('',(0.,0.,1.));
#3423=DIRECTION('',(0.,1.,0.));
#3424=DIRECTION('',(0.,0.,1.));
#3425=DIRECTION('',(0.,0.,-1.));
#3426=DIRECTION('',(1.,0.,0.));
#3427=DIRECTION('',(0.,0.,-1.));
#3428=DIRECTION('',(1.,0.,0.));
#3429=DIRECTION('',(0.,0.,-1.));
#3430=DIRECTION('',(1.,0.,0.));
#3431=DIRECTION('',(1.,0.,0.));
#3432=DIRECTION('',(1.,0.,0.));
#3433=DIRECTION('',(1.,0.,0.));
#3434=DIRECTION('',(0.,0.,-1.));
#3435=DIRECTION('',(1.,0.,0.));
#3436=DIRECTION('',(0.,0.,-1.));
#3437=DIRECTION('',(0.,-1.,0.));
#3438=DIRECTION('',(0.,-1.,0.));
#3439=DIRECTION('',(0.,0.,1.));
#3440=DIRECTION('',(1.,0.,0.));
#3441=DIRECTION('',(0.,0.,1.));
#3442=DIRECTION('',(1.,0.,0.));
#3443=DIRECTION('',(0.,0.,1.));
#3444=DIRECTION('',(1.,0.,0.));
#3445=DIRECTION('',(0.,1.,0.));
#3446=DIRECTION('',(1.,0.,0.));
#3447=DIRECTION('',(0.,1.,0.));
#3448=DIRECTION('',(1.,0.,0.));
#3449=DIRECTION('',(0.,0.,-1.));
#3450=DIRECTION('',(0.,0.,-1.));
#3451=DIRECTION('',(0.,-1.,0.));
#3452=DIRECTION('',(0.,0.,-1.));
#3453=DIRECTION('',(0.,1.,0.));
#3454=DIRECTION('',(0.,0.,1.));
#3455=DIRECTION('',(1.,0.,0.));
#3456=DIRECTION('',(1.,0.,0.));
#3457=DIRECTION('',(0.,1.,0.));
#3458=DIRECTION('',(1.,0.,0.));
#3459=DIRECTION('',(0.,1.,0.));
#3460=DIRECTION('',(1.,0.,0.));
#3461=DIRECTION('',(0.,0.,-1.));
#3462=DIRECTION('',(0.,0.,-1.));
#3463=DIRECTION('',(0.,1.,0.));
#3464=DIRECTION('',(0.,0.,-1.));
#3465=DIRECTION('',(0.,-1.,0.));
#3466=DIRECTION('',(1.,0.,0.));
#3467=DIRECTION('',(-1.,0.,0.));
#3468=DIRECTION('',(0.,0.,1.));
#3469=DIRECTION('',(1.,0.,0.));
#3470=DIRECTION('',(0.,1.,0.));
#3471=DIRECTION('',(1.,0.,0.));
#3472=DIRECTION('',(1.,0.,0.));
#3473=DIRECTION('',(1.,0.,0.));
#3474=DIRECTION('',(0.,0.,-1.));
#3475=DIRECTION('',(0.,0.,-1.));
#3476=DIRECTION('',(0.,0.,-1.));
#3477=DIRECTION('',(0.,-1.,0.));
#3478=DIRECTION('',(1.,0.,0.));
#3479=DIRECTION('',(0.,-1.,0.));
#3480=DIRECTION('',(1.,0.,0.));
#3481=DIRECTION('',(0.,-1.,0.));
#3482=DIRECTION('',(0.,0.,-1.));
#3483=DIRECTION('',(0.,-1.,0.));
#3484=DIRECTION('',(0.,0.,-1.));
#3485=DIRECTION('',(0.,0.242536774879199,0.970142212683891));
#3486=DIRECTION('',(0.,-0.970142212683892,0.242536774879199));
#3487=DIRECTION('',(1.,0.,0.));
#3488=DIRECTION('',(1.,0.,0.));
#3489=DIRECTION('',(0.,0.,1.));
#3490=DIRECTION('',(1.,0.,0.));
#3491=DIRECTION('',(1.,0.,0.));
#3492=DIRECTION('',(0.,-0.240180443039448,0.970728260009656));
#3493=DIRECTION('',(0.,-0.970728260009656,-0.240180443039448));
#3494=DIRECTION('',(1.,0.,0.));
#3495=DIRECTION('',(0.,-0.753233813115259,0.65775285843533));
#3496=DIRECTION('',(0.,-0.65775285843533,-0.753233813115259));
#3497=DIRECTION('',(1.,0.,0.));
#3498=DIRECTION('',(0.,-0.969285316960446,0.245938964633278));
#3499=DIRECTION('',(0.,-0.245938964633278,-0.969285316960446));
#3500=DIRECTION('',(1.,0.,0.));
#3501=DIRECTION('',(0.,-1.,0.));
#3502=DIRECTION('',(0.,0.,-1.));
#3503=DIRECTION('',(1.,0.,0.));
#3504=DIRECTION('',(0.,-0.964205359690494,-0.265156603432999));
#3505=DIRECTION('',(0.,0.265156603432999,-0.964205359690494));
#3506=DIRECTION('',(1.,0.,0.));
#3507=DIRECTION('',(0.,-0.812015361246423,-0.583636062199588));
#3508=DIRECTION('',(0.,0.583636062199588,-0.812015361246423));
#3509=DIRECTION('',(1.,0.,0.));
#3510=DIRECTION('',(0.,-0.190869139518247,-0.981615490698656));
#3511=DIRECTION('',(0.,0.981615490698656,-0.190869139518247));
#3512=DIRECTION('',(1.,0.,0.));
#3513=DIRECTION('',(0.,0.,-1.));
#3514=DIRECTION('',(-1.,0.,0.));
#3515=DIRECTION('',(1.,0.,0.));
#3516=DIRECTION('',(0.,0.100750460422978,-0.994911727101735));
#3517=DIRECTION('',(0.,0.994911727101735,0.100750460422978));
#3518=DIRECTION('',(1.,0.,0.));
#3519=DIRECTION('',(0.,0.619644216612899,-0.78488282234878));
#3520=DIRECTION('',(0.,0.78488282234878,0.619644216612899));
#3521=DIRECTION('',(1.,0.,0.));
#3522=DIRECTION('',(0.,0.913811580758739,-0.406138393741856));
#3523=DIRECTION('',(0.,0.406138393741856,0.913811580758739));
#3524=DIRECTION('',(1.,0.,0.));
#3525=DIRECTION('',(0.,1.,0.));
#3526=DIRECTION('',(0.,0.,1.));
#3527=DIRECTION('',(1.,0.,0.));
#3528=DIRECTION('',(0.,0.970142500145332,0.242535625036333));
#3529=DIRECTION('',(0.,-0.242535625036333,0.970142500145332));
#3530=DIRECTION('',(1.,0.,0.));
#3531=DIRECTION('',(0.,0.61782095217788,0.786318810057357));
#3532=DIRECTION('',(0.,-0.786318810057357,0.61782095217788));
#3533=DIRECTION('',(1.,0.,0.));
#3534=DIRECTION('',(0.,0.376798595377124,0.926295211324028));
#3535=DIRECTION('',(0.,-0.926295211324029,0.376798595377124));
#3536=DIRECTION('',(-1.,0.,0.));
#3537=DIRECTION('',(0.,0.,1.));
#3538=DIRECTION('',(-1.,0.,0.));
#3539=DIRECTION('',(0.,0.,1.));
#3540=DIRECTION('',(1.,0.,0.));
#3541=DIRECTION('',(0.,0.,-1.));
#3542=DIRECTION('',(1.,0.,0.));
#3543=DIRECTION('',(0.,1.,0.));
#3544=DIRECTION('',(0.,-0.887994437832406,0.45985419252053));
#3545=DIRECTION('',(0.,-0.45985419252053,-0.887994437832407));
#3546=DIRECTION('',(-1.,0.,0.));
#3547=DIRECTION('',(-1.,0.,0.));
#3548=DIRECTION('',(0.,0.45985419252053,0.887994437832407));
#3549=DIRECTION('',(0.,-0.799999088161169,0.600001215783183));
#3550=DIRECTION('',(0.,-0.600001215783183,-0.799999088161169));
#3551=DIRECTION('',(-1.,0.,0.));
#3552=DIRECTION('',(0.,0.600001215783183,0.799999088161169));
#3553=DIRECTION('',(0.,-0.196116199106949,-0.980580662897165));
#3554=DIRECTION('',(0.,0.980580662897165,-0.196116199106949));
#3555=DIRECTION('',(-1.,0.,0.));
#3556=DIRECTION('',(0.,-0.980580662897165,0.196116199106949));
#3557=DIRECTION('',(0.,0.998999053561781,0.0447313199298479));
#3558=DIRECTION('',(0.,-0.0447313199298479,0.998999053561781));
#3559=DIRECTION('',(0.,0.0447313199298479,-0.998999053561781));
#3560=DIRECTION('',(1.,0.,0.));
#3561=DIRECTION('',(0.,1.,0.));
#3562=DIRECTION('',(0.,-0.697078485139483,0.716994829518068));
#3563=DIRECTION('',(0.,-0.716994829518068,-0.697078485139483));
#3564=DIRECTION('',(-1.,0.,0.));
#3565=DIRECTION('',(-1.,0.,0.));
#3566=DIRECTION('',(0.,0.716994829518068,0.697078485139483));
#3567=DIRECTION('',(0.,-0.0196040822338138,-0.9998078215136));
#3568=DIRECTION('',(0.,0.9998078215136,-0.0196040822338138));
#3569=DIRECTION('',(-1.,0.,0.));
#3570=DIRECTION('',(0.,-0.9998078215136,0.0196040822338138));
#3571=DIRECTION('',(0.,0.923076887049374,0.384615471081491));
#3572=DIRECTION('',(0.,-0.384615471081491,0.923076887049374));
#3573=DIRECTION('',(0.,0.384615471081491,-0.923076887049374));
#3574=DIRECTION('',(1.,0.,0.));
#3575=DIRECTION('',(0.,1.,0.));
#3576=DIRECTION('',(0.,-0.663470134348387,0.748202767187968));
#3577=DIRECTION('',(0.,-0.748202767187968,-0.663470134348387));
#3578=DIRECTION('',(-1.,0.,0.));
#3579=DIRECTION('',(0.,0.748202767187968,0.663470134348387));
#3580=DIRECTION('',(-1.,0.,0.));
#3581=DIRECTION('',(0.,-0.3162275363924,-0.948683374591962));
#3582=DIRECTION('',(0.,0.948683374591962,-0.3162275363924));
#3583=DIRECTION('',(0.,-0.948683374591962,0.3162275363924));
#3584=DIRECTION('',(-1.,0.,0.));
#3585=DIRECTION('',(0.,0.979697670740788,0.200480607403994));
#3586=DIRECTION('',(0.,-0.200480607403994,0.979697670740788));
#3587=DIRECTION('',(0.,0.200480607403994,-0.979697670740788));
#3588=DIRECTION('',(1.,0.,0.));
#3589=DIRECTION('',(0.,1.,0.));
#3590=DIRECTION('',(0.,0.743945357040668,-0.6682404550292));
#3591=DIRECTION('',(0.,0.6682404550292,0.743945357040668));
#3592=DIRECTION('',(-1.,0.,0.));
#3593=DIRECTION('',(0.,-0.6682404550292,-0.743945357040668));
#3594=DIRECTION('',(-1.,0.,0.));
#3595=DIRECTION('',(0.,0.865426197419464,0.501036422648182));
#3596=DIRECTION('',(0.,-0.501036422648182,0.865426197419464));
#3597=DIRECTION('',(0.,0.501036422648182,-0.865426197419464));
#3598=DIRECTION('',(-1.,0.,0.));
#3599=DIRECTION('',(0.,-0.209082552280865,0.977897993827434));
#3600=DIRECTION('',(0.,-0.977897993827434,-0.209082552280865));
#3601=DIRECTION('',(0.,0.977897993827434,0.209082552280865));
#3602=DIRECTION('',(-1.,0.,0.));
#3603=DIRECTION('',(0.,-0.994646321183614,0.103337775067507));
#3604=DIRECTION('',(0.,-0.103337775067507,-0.994646321183614));
#3605=DIRECTION('',(0.,0.103337775067507,0.994646321183614));
#3606=DIRECTION('',(-1.,0.,0.));
#3607=DIRECTION('',(0.,-0.405642680995655,-0.914031736513923));
#3608=DIRECTION('',(0.,0.914031736513923,-0.405642680995655));
#3609=DIRECTION('',(0.,-0.914031736513923,0.405642680995655));
#3610=DIRECTION('',(1.,0.,0.));
#3611=DIRECTION('',(0.,1.,0.));
#3612=DIRECTION('',(-1.,0.,0.));
#3613=DIRECTION('',(0.,0.,1.));
#3614=DIRECTION('',(1.,0.,0.));
#3615=DIRECTION('',(0.,0.,-1.));
#3616=DIRECTION('',(1.,0.,0.));
#3617=DIRECTION('',(0.,1.,0.));
#3618=DIRECTION('',(-1.,0.,0.));
#3619=DIRECTION('',(0.,0.,1.));
#3620=DIRECTION('',(0.,-1.,0.));
#3621=DIRECTION('',(0.,-1.,0.));
#3622=DIRECTION('',(0.,0.,1.));
#3623=DIRECTION('',(1.,0.,0.));
#3624=DIRECTION('',(0.,-1.,0.));
#3625=DIRECTION('',(-1.,0.,0.));
#3626=DIRECTION('',(0.,0.,1.));
#3627=DIRECTION('',(0.,-1.,0.));
#3628=DIRECTION('',(0.,0.,1.));
#3629=DIRECTION('',(1.,0.,0.));
#3630=DIRECTION('',(-1.,0.,0.));
#3631=DIRECTION('',(0.,0.,1.));
#3632=DIRECTION('',(0.,-1.,0.));
#3633=DIRECTION('',(0.,-1.,0.));
#3634=DIRECTION('',(0.,0.,1.));
#3635=DIRECTION('',(1.,0.,0.));
#3636=DIRECTION('',(0.,-1.,0.));
#3637=DIRECTION('',(-1.,0.,0.));
#3638=DIRECTION('',(0.,0.,1.));
#3639=DIRECTION('',(0.,-1.,0.));
#3640=DIRECTION('',(0.,0.,1.));
#3641=DIRECTION('',(1.,0.,0.));
#3642=DIRECTION('',(-1.,0.,0.));
#3643=DIRECTION('',(0.,0.,1.));
#3644=DIRECTION('',(0.,-1.,0.));
#3645=DIRECTION('',(0.,-1.,0.));
#3646=DIRECTION('',(0.,0.,1.));
#3647=DIRECTION('',(1.,0.,0.));
#3648=DIRECTION('',(0.,-1.,0.));
#3649=DIRECTION('',(-1.,0.,0.));
#3650=DIRECTION('',(0.,0.,1.));
#3651=DIRECTION('',(0.,-1.,0.));
#3652=DIRECTION('',(0.,0.,1.));
#3653=DIRECTION('',(1.,0.,0.));
#3654=DIRECTION('',(-1.,0.,0.));
#3655=DIRECTION('',(0.,0.,1.));
#3656=DIRECTION('',(0.,-1.,0.));
#3657=DIRECTION('',(0.,-1.,0.));
#3658=DIRECTION('',(0.,0.,1.));
#3659=DIRECTION('',(1.,0.,0.));
#3660=DIRECTION('',(0.,-1.,0.));
#3661=DIRECTION('',(-1.,0.,0.));
#3662=DIRECTION('',(0.,0.,1.));
#3663=DIRECTION('',(0.,-1.,0.));
#3664=DIRECTION('',(0.,0.,1.));
#3665=DIRECTION('',(1.,0.,0.));
#3666=DIRECTION('',(-1.,0.,0.));
#3667=DIRECTION('',(0.,0.,1.));
#3668=DIRECTION('',(0.,-1.,0.));
#3669=DIRECTION('',(0.,-1.,0.));
#3670=DIRECTION('',(0.,0.,1.));
#3671=DIRECTION('',(1.,0.,0.));
#3672=DIRECTION('',(0.,-1.,0.));
#3673=DIRECTION('',(-1.,0.,0.));
#3674=DIRECTION('',(0.,0.,1.));
#3675=DIRECTION('',(0.,-1.,0.));
#3676=DIRECTION('',(0.,0.,1.));
#3677=DIRECTION('',(1.,0.,0.));
#3678=DIRECTION('',(-1.,0.,0.));
#3679=DIRECTION('',(0.,0.,1.));
#3680=DIRECTION('',(0.,-1.,0.));
#3681=DIRECTION('',(0.,-1.,0.));
#3682=DIRECTION('',(0.,0.,1.));
#3683=DIRECTION('',(1.,0.,0.));
#3684=DIRECTION('',(0.,-1.,0.));
#3685=DIRECTION('',(-1.,0.,0.));
#3686=DIRECTION('',(0.,0.,1.));
#3687=DIRECTION('',(0.,-1.,0.));
#3688=DIRECTION('',(0.,0.,1.));
#3689=DIRECTION('',(1.,0.,0.));
#3690=DIRECTION('',(-1.,0.,0.));
#3691=DIRECTION('',(0.,0.,1.));
#3692=DIRECTION('',(0.,-1.,0.));
#3693=DIRECTION('',(0.,-1.,0.));
#3694=DIRECTION('',(0.,0.,1.));
#3695=DIRECTION('',(1.,0.,0.));
#3696=DIRECTION('',(0.,-1.,0.));
#3697=DIRECTION('',(-1.,0.,0.));
#3698=DIRECTION('',(0.,0.,1.));
#3699=DIRECTION('',(0.,-1.,0.));
#3700=DIRECTION('',(0.,0.,1.));
#3701=DIRECTION('',(1.,0.,0.));
#3702=DIRECTION('',(-1.,0.,0.));
#3703=DIRECTION('',(0.,0.,1.));
#3704=DIRECTION('',(0.,-1.,0.));
#3705=DIRECTION('',(0.,-1.,0.));
#3706=DIRECTION('',(0.,0.,1.));
#3707=DIRECTION('',(1.,0.,0.));
#3708=DIRECTION('',(0.,-1.,0.));
#3709=DIRECTION('',(-1.,0.,0.));
#3710=DIRECTION('',(0.,0.,1.));
#3711=DIRECTION('',(0.,-1.,0.));
#3712=DIRECTION('',(0.,0.,1.));
#3713=DIRECTION('',(1.,0.,0.));
#3714=DIRECTION('',(-1.,0.,0.));
#3715=DIRECTION('',(0.,0.,1.));
#3716=DIRECTION('',(0.,-1.,0.));
#3717=DIRECTION('',(0.,-1.,0.));
#3718=DIRECTION('',(0.,0.,1.));
#3719=DIRECTION('',(1.,0.,0.));
#3720=DIRECTION('',(0.,-1.,0.));
#3721=DIRECTION('',(-1.,0.,0.));
#3722=DIRECTION('',(0.,0.,1.));
#3723=DIRECTION('',(0.,-1.,0.));
#3724=DIRECTION('',(0.,0.,1.));
#3725=DIRECTION('',(1.,0.,0.));
#3726=DIRECTION('',(-1.,0.,0.));
#3727=DIRECTION('',(0.,0.,1.));
#3728=DIRECTION('',(0.,-1.,0.));
#3729=DIRECTION('',(0.,-1.,0.));
#3730=DIRECTION('',(0.,0.,1.));
#3731=DIRECTION('',(1.,0.,0.));
#3732=DIRECTION('',(0.,-1.,0.));
#3733=DIRECTION('',(-1.,0.,0.));
#3734=DIRECTION('',(0.,0.,1.));
#3735=DIRECTION('',(0.,-1.,0.));
#3736=DIRECTION('',(0.,0.,1.));
#3737=DIRECTION('',(1.,0.,0.));
#3738=DIRECTION('',(-1.,0.,0.));
#3739=DIRECTION('',(0.,0.,1.));
#3740=DIRECTION('',(0.,-1.,0.));
#3741=DIRECTION('',(0.,-1.,0.));
#3742=DIRECTION('',(0.,0.,1.));
#3743=DIRECTION('',(1.,0.,0.));
#3744=DIRECTION('',(0.,-1.,0.));
#3745=DIRECTION('',(-1.,0.,0.));
#3746=DIRECTION('',(0.,0.,1.));
#3747=DIRECTION('',(0.,-1.,0.));
#3748=DIRECTION('',(0.,0.,1.));
#3749=DIRECTION('',(1.,0.,0.));
#3750=DIRECTION('',(0.,0.,1.));
#3751=DIRECTION('',(1.,0.,0.));
#3752=DIRECTION('',(0.,0.,1.));
#3753=DIRECTION('',(1.,0.,0.));
#3754=DIRECTION('',(0.,0.,1.));
#3755=DIRECTION('',(1.,0.,0.));
#3756=DIRECTION('',(0.,0.,1.));
#3757=DIRECTION('',(1.,0.,0.));
#3758=DIRECTION('',(0.,0.,1.));
#3759=DIRECTION('',(1.,0.,0.));
#3760=DIRECTION('',(1.,0.,0.));
#3761=DIRECTION('',(0.,-1.,0.));
#3762=DIRECTION('',(1.,0.,0.));
#3763=DIRECTION('',(0.,-1.,0.));
#3764=DIRECTION('',(1.,0.,0.));
#3765=DIRECTION('',(0.,-1.,0.));
#3766=DIRECTION('',(1.,0.,0.));
#3767=DIRECTION('',(0.,-1.,0.));
#3768=DIRECTION('',(1.,0.,0.));
#3769=DIRECTION('',(0.,-1.,0.));
#3770=DIRECTION('',(1.,0.,0.));
#3771=DIRECTION('',(0.,-1.,0.));
#3772=DIRECTION('',(1.,0.,0.));
#3773=DIRECTION('',(0.,-1.,0.));
#3774=DIRECTION('',(1.,0.,0.));
#3775=DIRECTION('',(0.,-1.,0.));
#3776=DIRECTION('',(1.,0.,0.));
#3777=DIRECTION('',(0.,-1.,0.));
#3778=DIRECTION('',(1.,0.,0.));
#3779=DIRECTION('',(0.,-1.,0.));
#3780=DIRECTION('',(1.,0.,0.));
#3781=DIRECTION('',(0.,-1.,0.));
#3782=DIRECTION('',(1.,0.,0.));
#3783=DIRECTION('',(0.,-1.,0.));
#3784=DIRECTION('',(1.,0.,0.));
#3785=DIRECTION('',(0.,-1.,0.));
#3786=DIRECTION('',(1.,0.,0.));
#3787=DIRECTION('',(0.,-1.,0.));
#3788=DIRECTION('',(1.,0.,0.));
#3789=DIRECTION('',(0.,-1.,0.));
#3790=DIRECTION('',(1.,0.,0.));
#3791=DIRECTION('',(0.,-1.,0.));
#3792=DIRECTION('',(0.,0.,1.));
#3793=DIRECTION('',(1.,0.,0.));
#3794=DIRECTION('',(0.,1.,0.));
#3795=DIRECTION('',(0.,0.,1.));
#3796=DIRECTION('',(1.,0.,0.));
#3797=DIRECTION('',(0.,0.,-1.));
#3798=DIRECTION('',(0.,0.,-1.));
#3799=DIRECTION('',(1.,0.,0.));
#3800=DIRECTION('',(0.,0.,-1.));
#3801=DIRECTION('',(0.,-1.,0.));
#3802=DIRECTION('',(0.,0.,-1.));
#3803=DIRECTION('',(0.,1.,0.));
#3804=DIRECTION('',(0.,0.,1.));
#3805=DIRECTION('',(1.,0.,0.));
#3806=DIRECTION('',(0.,0.,-1.));
#3807=DIRECTION('',(1.,0.,0.));
#3808=DIRECTION('',(0.,0.,-1.));
#3809=DIRECTION('',(0.,-1.,0.));
#3810=DIRECTION('',(0.,0.,1.));
#3811=DIRECTION('',(1.,0.,0.));
#3812=DIRECTION('',(0.,0.,1.));
#3813=DIRECTION('',(1.,0.,0.));
#3814=DIRECTION('',(0.,0.,1.));
#3815=DIRECTION('',(1.,0.,0.));
#3816=DIRECTION('',(0.,-1.,0.));
#3817=DIRECTION('',(0.,0.,-1.));
#3818=DIRECTION('',(0.,0.,-1.));
#3819=DIRECTION('',(0.,0.,-1.));
#3820=DIRECTION('',(-1.,0.,0.));
#3821=DIRECTION('',(-1.,0.,0.));
#3822=DIRECTION('',(0.,0.,1.));
#3823=DIRECTION('',(0.,0.,-1.));
#3824=DIRECTION('',(0.,1.,0.));
#3825=DIRECTION('',(0.,-1.,0.));
#3826=DIRECTION('',(0.,0.,-1.));
#3827=DIRECTION('',(0.,0.,-1.));
#3828=DIRECTION('',(-1.,0.,0.));
#3829=DIRECTION('',(-1.,0.,0.));
#3830=DIRECTION('',(0.,0.,1.));
#3831=DIRECTION('',(0.,1.,0.));
#3832=DIRECTION('',(0.,0.,1.));
#3833=DIRECTION('',(1.,0.,0.));
#3834=DIRECTION('',(0.,-1.,0.));
#3835=DIRECTION('',(0.,0.,-1.));
#3836=DIRECTION('',(0.,0.,-1.));
#3837=DIRECTION('',(0.,0.,-1.));
#3838=DIRECTION('',(-1.,0.,0.));
#3839=DIRECTION('',(-1.,0.,0.));
#3840=DIRECTION('',(0.,0.,1.));
#3841=DIRECTION('',(0.,0.,-1.));
#3842=DIRECTION('',(0.,1.,0.));
#3843=DIRECTION('',(0.,-1.,0.));
#3844=DIRECTION('',(0.,0.,-1.));
#3845=DIRECTION('',(0.,0.,-1.));
#3846=DIRECTION('',(-1.,0.,0.));
#3847=DIRECTION('',(-1.,0.,0.));
#3848=DIRECTION('',(0.,0.,1.));
#3849=DIRECTION('',(0.,1.,0.));
#3850=DIRECTION('',(0.,0.,1.));
#3851=DIRECTION('',(1.,0.,0.));
#3852=DIRECTION('',(0.,-1.,0.));
#3853=DIRECTION('',(0.,0.,-1.));
#3854=DIRECTION('',(0.,0.,-1.));
#3855=DIRECTION('',(0.,0.,-1.));
#3856=DIRECTION('',(-1.,0.,0.));
#3857=DIRECTION('',(-1.,0.,0.));
#3858=DIRECTION('',(0.,0.,1.));
#3859=DIRECTION('',(0.,0.,-1.));
#3860=DIRECTION('',(0.,1.,0.));
#3861=DIRECTION('',(0.,-1.,0.));
#3862=DIRECTION('',(0.,0.,-1.));
#3863=DIRECTION('',(0.,0.,-1.));
#3864=DIRECTION('',(-1.,0.,0.));
#3865=DIRECTION('',(-1.,0.,0.));
#3866=DIRECTION('',(0.,0.,1.));
#3867=DIRECTION('',(0.,1.,0.));
#3868=DIRECTION('',(0.,0.,1.));
#3869=DIRECTION('',(1.,0.,0.));
#3870=DIRECTION('',(0.,-1.,0.));
#3871=DIRECTION('',(0.,0.,-1.));
#3872=DIRECTION('',(0.,0.,-1.));
#3873=DIRECTION('',(0.,0.,-1.));
#3874=DIRECTION('',(-1.,0.,0.));
#3875=DIRECTION('',(-1.,0.,0.));
#3876=DIRECTION('',(0.,0.,1.));
#3877=DIRECTION('',(0.,0.,-1.));
#3878=DIRECTION('',(0.,1.,0.));
#3879=DIRECTION('',(0.,-1.,0.));
#3880=DIRECTION('',(0.,0.,-1.));
#3881=DIRECTION('',(0.,0.,-1.));
#3882=DIRECTION('',(-1.,0.,0.));
#3883=DIRECTION('',(-1.,0.,0.));
#3884=DIRECTION('',(0.,0.,1.));
#3885=DIRECTION('',(0.,1.,0.));
#3886=DIRECTION('',(0.,0.,1.));
#3887=DIRECTION('',(1.,0.,0.));
#3888=DIRECTION('',(0.,-1.,0.));
#3889=DIRECTION('',(0.,0.,-1.));
#3890=DIRECTION('',(0.,0.,-1.));
#3891=DIRECTION('',(0.,0.,-1.));
#3892=DIRECTION('',(-1.,0.,0.));
#3893=DIRECTION('',(-1.,0.,0.));
#3894=DIRECTION('',(0.,0.,1.));
#3895=DIRECTION('',(0.,0.,-1.));
#3896=DIRECTION('',(0.,1.,0.));
#3897=DIRECTION('',(0.,-1.,0.));
#3898=DIRECTION('',(0.,0.,-1.));
#3899=DIRECTION('',(0.,0.,-1.));
#3900=DIRECTION('',(-1.,0.,0.));
#3901=DIRECTION('',(-1.,0.,0.));
#3902=DIRECTION('',(0.,0.,1.));
#3903=DIRECTION('',(0.,1.,0.));
#3904=DIRECTION('',(0.,0.,1.));
#3905=DIRECTION('',(1.,0.,0.));
#3906=DIRECTION('',(0.,-1.,0.));
#3907=DIRECTION('',(0.,0.,-1.));
#3908=DIRECTION('',(0.,0.,-1.));
#3909=DIRECTION('',(0.,0.,-1.));
#3910=DIRECTION('',(-1.,0.,0.));
#3911=DIRECTION('',(-1.,0.,0.));
#3912=DIRECTION('',(0.,0.,1.));
#3913=DIRECTION('',(0.,0.,-1.));
#3914=DIRECTION('',(0.,1.,0.));
#3915=DIRECTION('',(0.,-1.,0.));
#3916=DIRECTION('',(0.,0.,-1.));
#3917=DIRECTION('',(0.,0.,-1.));
#3918=DIRECTION('',(-1.,0.,0.));
#3919=DIRECTION('',(-1.,0.,0.));
#3920=DIRECTION('',(0.,0.,1.));
#3921=DIRECTION('',(0.,1.,0.));
#3922=DIRECTION('',(0.,0.,1.));
#3923=DIRECTION('',(1.,0.,0.));
#3924=DIRECTION('',(0.,-1.,0.));
#3925=DIRECTION('',(0.,0.,-1.));
#3926=DIRECTION('',(0.,0.,-1.));
#3927=DIRECTION('',(0.,0.,-1.));
#3928=DIRECTION('',(-1.,0.,0.));
#3929=DIRECTION('',(-1.,0.,0.));
#3930=DIRECTION('',(0.,0.,1.));
#3931=DIRECTION('',(0.,0.,-1.));
#3932=DIRECTION('',(0.,1.,0.));
#3933=DIRECTION('',(0.,-1.,0.));
#3934=DIRECTION('',(0.,0.,-1.));
#3935=DIRECTION('',(0.,0.,-1.));
#3936=DIRECTION('',(-1.,0.,0.));
#3937=DIRECTION('',(-1.,0.,0.));
#3938=DIRECTION('',(0.,0.,1.));
#3939=DIRECTION('',(0.,1.,0.));
#3940=DIRECTION('',(0.,0.,1.));
#3941=DIRECTION('',(1.,0.,0.));
#3942=DIRECTION('',(0.,0.,-1.));
#3943=DIRECTION('',(-1.,0.,0.));
#3944=DIRECTION('',(0.,0.,1.));
#3945=DIRECTION('',(1.,0.,0.));
#3946=DIRECTION('',(0.,0.,1.));
#3947=DIRECTION('',(1.,0.,0.));
#3948=DIRECTION('',(0.,0.,-1.));
#3949=DIRECTION('',(-1.,0.,0.));
#3950=DIRECTION('',(0.,0.,1.));
#3951=DIRECTION('',(1.,0.,0.));
#3952=DIRECTION('',(0.,0.,1.));
#3953=DIRECTION('',(1.,0.,0.));
#3954=DIRECTION('',(0.,0.,1.));
#3955=DIRECTION('',(1.,0.,0.));
#3956=DIRECTION('',(0.,0.,1.));
#3957=DIRECTION('',(1.,0.,0.));
#3958=DIRECTION('',(0.,0.,1.));
#3959=DIRECTION('',(1.,0.,0.));
#3960=DIRECTION('',(0.,0.,1.));
#3961=DIRECTION('',(1.,0.,0.));
#3962=DIRECTION('',(0.,0.,1.));
#3963=DIRECTION('',(1.,0.,0.));
#3964=CARTESIAN_POINT('',(0.,0.,0.));
#3965=CARTESIAN_POINT('',(-0.000129155814647737,0.0206856671720743,0.02921));
#3966=CARTESIAN_POINT('',(-0.000129155814647737,0.0206856671720743,0.));
#3967=CARTESIAN_POINT('',(0.0416389629244804,0.0206856671720743,0.));
#3968=CARTESIAN_POINT('',(-0.0418972745537758,0.0206856671720743,0.));
#3969=CARTESIAN_POINT('',(0.0416389629244804,0.0206856671720743,0.02921));
#3970=CARTESIAN_POINT('',(0.0416389629244804,0.0206856671720743,0.02921));
#3971=CARTESIAN_POINT('',(-0.000129155814647737,0.0206856671720743,0.02921));
#3972=CARTESIAN_POINT('',(-0.0418972745537758,0.0206856671720743,0.02921));
#3973=CARTESIAN_POINT('',(-0.0418972745537758,0.0206856671720743,0.02921));
#3974=CARTESIAN_POINT('',(-0.000129155814647737,0.0206856671720743,0.0222348514944315));
#3975=CARTESIAN_POINT('',(-0.0188490692526102,0.0206856671720743,0.0222348514944315));
#3976=CARTESIAN_POINT('',(-0.0210645366460085,0.0206856671720743,0.0222348514944315));
#3977=CARTESIAN_POINT('',(-0.0188490692526102,0.0206856671720743,0.02921));
#3978=CARTESIAN_POINT('',(-0.0188490692526102,0.0206856671720743,0.00451111886650324));
#3979=CARTESIAN_POINT('',(-0.000129155814647737,0.0206856671720743,0.00451111886650324));
#3980=CARTESIAN_POINT('',(-0.0210645366460085,0.0206856671720743,0.00451111886650324));
#3981=CARTESIAN_POINT('',(-0.0210645366460085,0.0206856671720743,0.02921));
#3982=CARTESIAN_POINT('',(-0.000129155814647737,0.0206856671720743,0.0175707116723061));
#3983=CARTESIAN_POINT('',(-0.015117758885026,0.0206856671720743,0.0175707116723061));
#3984=CARTESIAN_POINT('',(-0.0168668106198311,0.0206856671720743,0.0175707116723061));
#3985=CARTESIAN_POINT('',(-0.015117758885026,0.0206856671720743,0.02921));
#3986=CARTESIAN_POINT('',(-0.015117758885026,0.0206856671720743,0.00835903454571962));
#3987=CARTESIAN_POINT('',(-0.000129155814647737,0.0206856671720743,0.00835903454571962));
#3988=CARTESIAN_POINT('',(-0.0168668106198311,0.0206856671720743,0.00835903454571962));
#3989=CARTESIAN_POINT('',(-0.0168668106198311,0.0206856671720743,0.02921));
#3990=CARTESIAN_POINT('',(-0.000129155814647737,0.0206856671720743,0.0203691963106394));
#3991=CARTESIAN_POINT('',(-0.0120860664173961,0.0206856671720744,0.0203691963106394));
#3992=CARTESIAN_POINT('',(-0.0134853096678853,0.0206856671720744,0.0203691963106394));
#3993=CARTESIAN_POINT('',(-0.0120860664173961,0.0206856671720743,0.02921));
#3994=CARTESIAN_POINT('',(-0.0120860664173961,0.0206856671720744,0.00614356761798263));
#3995=CARTESIAN_POINT('',(-0.000129155814647737,0.0206856671720743,0.00614356761798263));
#3996=CARTESIAN_POINT('',(-0.0134853096678853,0.0206856671720743,0.00614356761798263));
#3997=CARTESIAN_POINT('',(-0.0134853096678853,0.0206856671720743,0.02921));
#3998=CARTESIAN_POINT('',(-0.000129155814647737,0.0206856671720743,0.0158216580748558));
#3999=CARTESIAN_POINT('',(-0.00812154728919268,0.0206856671720744,0.0158216580748558));
#4000=CARTESIAN_POINT('',(-0.00952078867703676,0.0206856671720744,0.0158216580748558));
#4001=CARTESIAN_POINT('',(-0.00812154728919268,0.0206856671720743,0.02921));
#4002=CARTESIAN_POINT('',(-0.00812154728919268,0.0206856671720744,0.0102246906608343));
#4003=CARTESIAN_POINT('',(-0.000129155814647737,0.0206856671720743,0.0102246906608343));
#4004=CARTESIAN_POINT('',(-0.00952078867703676,0.0206856671720743,0.0102246906608343));
#4005=CARTESIAN_POINT('',(-0.00952078867703676,0.0206856671720743,0.02921));
#4006=CARTESIAN_POINT('',(-0.000129155814647737,0.0206856671720743,0.0196695737540722));
#4007=CARTESIAN_POINT('',(-0.00415702816098929,0.0206856671720744,0.0196695737540722));
#4008=CARTESIAN_POINT('',(-0.00648909853771329,0.0206856671720744,0.0196695737540722));
#4009=CARTESIAN_POINT('',(-0.00415702816098929,0.0206856671720743,0.02921));
#4010=CARTESIAN_POINT('',(-0.00415702816098929,0.0206856671720744,0.00754280993714929));
#4011=CARTESIAN_POINT('',(-0.000129155814647737,0.0206856671720743,0.00754280993714929));
#4012=CARTESIAN_POINT('',(-0.00648909853771329,0.0206856671720743,0.00754280993714929));
#4013=CARTESIAN_POINT('',(-0.00648909853771329,0.0206856671720743,0.02921));
#4014=CARTESIAN_POINT('',(-0.000129155814647737,0.0206856671720743,0.0223514549434185));
#4015=CARTESIAN_POINT('',(0.,0.0206856671720744,0.0223514549434185));
#4016=CARTESIAN_POINT('',(-0.00229137134738266,0.0206856671720744,0.0223514549434185));
#4017=CARTESIAN_POINT('',(0.,0.0206856671720743,0.02921));
#4018=CARTESIAN_POINT('',(0.,0.0206856671720744,0.00462772231549025));
#4019=CARTESIAN_POINT('',(-0.000129155814647737,0.0206856671720743,0.00462772231549025));
#4020=CARTESIAN_POINT('',(-0.00229137134738266,0.0206856671720743,0.00462772231549025));
#4021=CARTESIAN_POINT('',(-0.00229137134738266,0.0206856671720743,0.02921));
#4022=CARTESIAN_POINT('',(-0.000129155814647737,0.0206856671720743,0.015938263386488));
#4023=CARTESIAN_POINT('',(0.00447163172066212,0.0206856671720744,0.015938263386488));
#4024=CARTESIAN_POINT('',(0.00272257882170379,0.0206856671720744,0.015938263386488));
#4025=CARTESIAN_POINT('',(0.00447163172066212,0.0206856671720743,0.02921));
#4026=CARTESIAN_POINT('',(0.00447163172066212,0.0206856671720744,0.0080092241987586));
#4027=CARTESIAN_POINT('',(-0.000129155814647737,0.0206856671720743,0.0080092241987586));
#4028=CARTESIAN_POINT('',(0.00272257882170379,0.0206856671720743,0.0080092241987586));
#4029=CARTESIAN_POINT('',(0.00272257882170379,0.0206856671720743,0.02921));
#4030=CARTESIAN_POINT('',(-0.000129155814647737,0.0206856671720743,0.0227012671530247));
#4031=CARTESIAN_POINT('',(0.00808634050190449,0.0206856671720744,0.0227012671530247));
#4032=CARTESIAN_POINT('',(0.00575427012518048,0.0206856671720744,0.0227012671530247));
#4033=CARTESIAN_POINT('',(0.00808634050190449,0.0206856671720743,0.02921));
#4034=CARTESIAN_POINT('',(0.00808634050190449,0.0206856671720744,0.00381149770691991));
#4035=CARTESIAN_POINT('',(-0.000129155814647737,0.0206856671720743,0.00381149770691991));
#4036=CARTESIAN_POINT('',(0.00575427012518048,0.0206856671720743,0.00381149770691991));
#4037=CARTESIAN_POINT('',(0.00575427012518048,0.0206856671720743,0.02921));
#4038=CARTESIAN_POINT('',(-0.000129155814647737,0.0206856671720743,0.0193197652697563));
#4039=CARTESIAN_POINT('',(0.0132168950513005,0.0206856671720744,0.0193197652697563));
#4040=CARTESIAN_POINT('',(0.0111180320382118,0.0206856671720744,0.0193197652697563));
#4041=CARTESIAN_POINT('',(0.0132168950513005,0.0206856671720743,0.02921));
#4042=CARTESIAN_POINT('',(0.0132168950513005,0.0206856671720744,0.00672658532857895));
#4043=CARTESIAN_POINT('',(-0.000129155814647737,0.0206856671720743,0.00672658532857895));
#4044=CARTESIAN_POINT('',(0.0111180320382118,0.0206856671720743,0.00672658532857895));
#4045=CARTESIAN_POINT('',(0.0111180320382118,0.0206856671720743,0.02921));
#4046=CARTESIAN_POINT('',(-0.000129155814647737,0.0206856671720743,0.0175707116723061));
#4047=CARTESIAN_POINT('',(0.0170648097991943,0.0206856671720744,0.0175707116723061));
#4048=CARTESIAN_POINT('',(0.0154323615133762,0.0206856671720744,0.0175707116723061));
#4049=CARTESIAN_POINT('',(0.0170648097991943,0.0206856671720743,0.02921));
#4050=CARTESIAN_POINT('',(0.0170648097991943,0.0206856671720744,0.0102246906608343));
#4051=CARTESIAN_POINT('',(-0.000129155814647737,0.0206856671720743,0.0102246906608343));
#4052=CARTESIAN_POINT('',(0.0154323615133762,0.0206856671720743,0.0102246906608343));
#4053=CARTESIAN_POINT('',(0.0154323615133762,0.0206856671720743,0.02921));
#4054=CARTESIAN_POINT('',(-0.000129155814647737,0.0206856671720743,0.0223514549434185));
#4055=CARTESIAN_POINT('',(0.0213791411370039,0.0206856671720744,0.0223514549434185));
#4056=CARTESIAN_POINT('',(0.0193968806415796,0.0206856671720744,0.0223514549434185));
#4057=CARTESIAN_POINT('',(0.0213791411370039,0.0206856671720743,0.02921));
#4058=CARTESIAN_POINT('',(0.0213791411370039,0.0206856671720744,0.00556055037304759));
#4059=CARTESIAN_POINT('',(-0.000129155814647737,0.0206856671720743,0.00556055037304759));
#4060=CARTESIAN_POINT('',(0.0193968806415796,0.0206856671720743,0.00556055037304759));
#4061=CARTESIAN_POINT('',(0.0193968806415796,0.0206856671720743,0.02921));
#4062=CARTESIAN_POINT('',(-0.0434693358838559,0.0235801003873348,0.02921));
#4063=CARTESIAN_POINT('',(0.0170648097991943,0.0235801003873348,0.02921));
#4064=CARTESIAN_POINT('',(0.0170648097991943,0.0235801003873348,0.0175707116723061));
#4065=CARTESIAN_POINT('',(0.0170648097991943,0.0235801003873348,0.0102246906608343));
#4066=CARTESIAN_POINT('',(-0.0434693358838559,0.0235801003873348,0.0175707116723061));
#4067=CARTESIAN_POINT('',(0.0154323615133762,0.0235801003873348,0.0175707116723061));
#4068=CARTESIAN_POINT('',(0.0154323615133762,0.0235801003873348,0.02921));
#4069=CARTESIAN_POINT('',(0.0154323615133762,0.0235801003873348,0.0102246906608343));
#4070=CARTESIAN_POINT('',(-0.0434693358838559,0.0235801003873348,0.0102246906608343));
#4071=CARTESIAN_POINT('',(0.00808634050190449,0.0235801003873348,0.02921));
#4072=CARTESIAN_POINT('',(0.00808634050190449,0.0235801003873348,0.0227012671530247));
#4073=CARTESIAN_POINT('',(0.00808634050190449,0.0235801003873348,0.00381149770691991));
#4074=CARTESIAN_POINT('',(-0.0434693358838559,0.0235801003873348,0.0227012671530247));
#4075=CARTESIAN_POINT('',(0.00575427012518048,0.0235801003873348,0.0227012671530247));
#4076=CARTESIAN_POINT('',(0.00575427012518048,0.0235801003873348,0.02921));
#4077=CARTESIAN_POINT('',(0.00575427012518048,0.0235801003873348,0.00381149770691991));
#4078=CARTESIAN_POINT('',(-0.0434693358838559,0.0235801003873348,0.00381149770691991));
#4079=CARTESIAN_POINT('',(0.,0.0235801003873348,0.02921));
#4080=CARTESIAN_POINT('',(0.,0.0235801003873348,0.0223514549434185));
#4081=CARTESIAN_POINT('',(0.,0.0235801003873348,0.00462772231549025));
#4082=CARTESIAN_POINT('',(-0.0434693358838559,0.0235801003873348,0.0223514549434185));
#4083=CARTESIAN_POINT('',(-0.00229137134738266,0.0235801003873348,0.0223514549434185));
#4084=CARTESIAN_POINT('',(-0.00229137134738266,0.0235801003873348,0.02921));
#4085=CARTESIAN_POINT('',(-0.00229137134738266,0.0235801003873348,0.00462772231549025));
#4086=CARTESIAN_POINT('',(-0.0434693358838559,0.0235801003873348,0.00462772231549025));
#4087=CARTESIAN_POINT('',(-0.00812154728919268,0.0235801003873348,0.02921));
#4088=CARTESIAN_POINT('',(-0.00812154728919268,0.0235801003873348,0.0158216580748558));
#4089=CARTESIAN_POINT('',(-0.00812154728919268,0.0235801003873348,0.0102246906608343));
#4090=CARTESIAN_POINT('',(-0.0434693358838559,0.0235801003873348,0.0158216580748558));
#4091=CARTESIAN_POINT('',(-0.00952078867703676,0.0235801003873348,0.0158216580748558));
#4092=CARTESIAN_POINT('',(-0.00952078867703676,0.0235801003873348,0.02921));
#4093=CARTESIAN_POINT('',(-0.00952078867703676,0.0235801003873348,0.0102246906608343));
#4094=CARTESIAN_POINT('',(-0.0434693358838559,0.0235801003873348,0.0102246906608343));
#4095=CARTESIAN_POINT('',(-0.015117758885026,0.0235801003873348,0.02921));
#4096=CARTESIAN_POINT('',(-0.015117758885026,0.0235801003873348,0.0175707116723061));
#4097=CARTESIAN_POINT('',(-0.015117758885026,0.0235801003873348,0.00835903454571962));
#4098=CARTESIAN_POINT('',(-0.0434693358838559,0.0235801003873348,0.0175707116723061));
#4099=CARTESIAN_POINT('',(-0.0168668106198311,0.0235801003873348,0.0175707116723061));
#4100=CARTESIAN_POINT('',(-0.0168668106198311,0.0235801003873348,0.02921));
#4101=CARTESIAN_POINT('',(-0.0168668106198311,0.0235801003873348,0.00835903454571962));
#4102=CARTESIAN_POINT('',(-0.0434693358838559,0.0235801003873348,0.00835903454571962));
#4103=CARTESIAN_POINT('',(-0.0434693358838559,0.0235801003873348,0.));
#4104=CARTESIAN_POINT('',(0.0455096885561943,0.0235801003873349,0.));
#4105=CARTESIAN_POINT('',(-0.0450413972139359,0.0235801003873348,0.));
#4106=CARTESIAN_POINT('',(-0.0450413972139359,0.0235801003873348,0.02921));
#4107=CARTESIAN_POINT('',(-0.0450413972139359,0.0235801003873348,0.02921));
#4108=CARTESIAN_POINT('',(-0.0434693358838559,0.0235801003873348,0.02921));
#4109=CARTESIAN_POINT('',(0.0455096885561943,0.0235801003873349,0.02921));
#4110=CARTESIAN_POINT('',(0.0455096885561943,0.0235801003873349,0.02921));
#4111=CARTESIAN_POINT('',(-0.0188490692526102,0.0235801003873348,0.02921));
#4112=CARTESIAN_POINT('',(-0.0188490692526102,0.0235801003873348,0.0222348514944315));
#4113=CARTESIAN_POINT('',(-0.0188490692526102,0.0235801003873348,0.00451111886650324));
#4114=CARTESIAN_POINT('',(-0.0434693358838559,0.0235801003873348,0.0222348514944315));
#4115=CARTESIAN_POINT('',(-0.0210645366460085,0.0235801003873348,0.0222348514944315));
#4116=CARTESIAN_POINT('',(-0.0210645366460085,0.0235801003873348,0.02921));
#4117=CARTESIAN_POINT('',(-0.0210645366460085,0.0235801003873348,0.00451111886650324));
#4118=CARTESIAN_POINT('',(-0.0434693358838559,0.0235801003873348,0.00451111886650324));
#4119=CARTESIAN_POINT('',(-0.0120860664173961,0.0235801003873348,0.02921));
#4120=CARTESIAN_POINT('',(-0.0120860664173961,0.0235801003873348,0.0203691963106394));
#4121=CARTESIAN_POINT('',(-0.0120860664173961,0.0235801003873348,0.00614356761798263));
#4122=CARTESIAN_POINT('',(-0.0434693358838559,0.0235801003873348,0.0203691963106394));
#4123=CARTESIAN_POINT('',(-0.0134853096678853,0.0235801003873348,0.0203691963106394));
#4124=CARTESIAN_POINT('',(-0.0134853096678853,0.0235801003873348,0.02921));
#4125=CARTESIAN_POINT('',(-0.0134853096678853,0.0235801003873348,0.00614356761798263));
#4126=CARTESIAN_POINT('',(-0.0434693358838559,0.0235801003873348,0.00614356761798263));
#4127=CARTESIAN_POINT('',(-0.00415702816098929,0.0235801003873348,0.02921));
#4128=CARTESIAN_POINT('',(-0.00415702816098929,0.0235801003873348,0.0196695737540722));
#4129=CARTESIAN_POINT('',(-0.00415702816098929,0.0235801003873348,0.00754280993714929));
#4130=CARTESIAN_POINT('',(-0.0434693358838559,0.0235801003873348,0.0196695737540722));
#4131=CARTESIAN_POINT('',(-0.00648909853771329,0.0235801003873348,0.0196695737540722));
#4132=CARTESIAN_POINT('',(-0.00648909853771329,0.0235801003873348,0.02921));
#4133=CARTESIAN_POINT('',(-0.00648909853771329,0.0235801003873348,0.00754280993714929));
#4134=CARTESIAN_POINT('',(-0.0434693358838559,0.0235801003873348,0.00754280993714929));
#4135=CARTESIAN_POINT('',(0.00447163172066212,0.0235801003873348,0.02921));
#4136=CARTESIAN_POINT('',(0.00447163172066212,0.0235801003873348,0.015938263386488));
#4137=CARTESIAN_POINT('',(0.00447163172066212,0.0235801003873348,0.0080092241987586));
#4138=CARTESIAN_POINT('',(-0.0434693358838559,0.0235801003873348,0.015938263386488));
#4139=CARTESIAN_POINT('',(0.00272257882170379,0.0235801003873348,0.015938263386488));
#4140=CARTESIAN_POINT('',(0.00272257882170379,0.0235801003873348,0.02921));
#4141=CARTESIAN_POINT('',(0.00272257882170379,0.0235801003873348,0.0080092241987586));
#4142=CARTESIAN_POINT('',(-0.0434693358838559,0.0235801003873348,0.0080092241987586));
#4143=CARTESIAN_POINT('',(0.0132168950513005,0.0235801003873348,0.02921));
#4144=CARTESIAN_POINT('',(0.0132168950513005,0.0235801003873348,0.0193197652697563));
#4145=CARTESIAN_POINT('',(0.0132168950513005,0.0235801003873348,0.00672658532857895));
#4146=CARTESIAN_POINT('',(-0.0434693358838559,0.0235801003873348,0.0193197652697563));
#4147=CARTESIAN_POINT('',(0.0111180320382118,0.0235801003873348,0.0193197652697563));
#4148=CARTESIAN_POINT('',(0.0111180320382118,0.0235801003873348,0.02921));
#4149=CARTESIAN_POINT('',(0.0111180320382118,0.0235801003873348,0.00672658532857895));
#4150=CARTESIAN_POINT('',(-0.0434693358838559,0.0235801003873348,0.00672658532857895));
#4151=CARTESIAN_POINT('',(0.0213791411370039,0.0235801003873348,0.02921));
#4152=CARTESIAN_POINT('',(0.0213791411370039,0.0235801003873348,0.0223514549434185));
#4153=CARTESIAN_POINT('',(0.0213791411370039,0.0235801003873348,0.00556055037304759));
#4154=CARTESIAN_POINT('',(-0.0434693358838559,0.0235801003873348,0.0223514549434185));
#4155=CARTESIAN_POINT('',(0.0193968806415796,0.0235801003873348,0.0223514549434185));
#4156=CARTESIAN_POINT('',(0.0193968806415796,0.0235801003873348,0.02921));
#4157=CARTESIAN_POINT('',(0.0193968806415796,0.0235801003873348,0.00556055037304759));
#4158=CARTESIAN_POINT('',(-0.0434693358838559,0.0235801003873348,0.00556055037304759));
#4159=CARTESIAN_POINT('',(-0.0450413972139359,0.00156879425048827,0.02921));
#4160=CARTESIAN_POINT('',(-0.0450413972139359,-0.00334587604509474,0.018135808759475));
#4161=CARTESIAN_POINT('',(-0.0450413972139359,-0.00561647172038393,0.0191434876839447));
#4162=CARTESIAN_POINT('',(-0.0450413972139359,-0.00802068248179024,0.020210464310659));
#4163=CARTESIAN_POINT('',(-0.0450413972139359,0.000735431967847033,0.029958558191386));
#4164=CARTESIAN_POINT('',(-0.0450413972139359,-0.00977837953869519,0.0182536379097322));
#4165=CARTESIAN_POINT('',(-0.0450413972139359,-0.0116806021048606,0.0215392937376678));
#4166=CARTESIAN_POINT('',(-0.0450413972139359,-0.00846048530038181,0.015977276057162));
#4167=CARTESIAN_POINT('',(-0.0450413972139359,0.00383594051778198,0.0186063520039602));
#4168=CARTESIAN_POINT('',(-0.0450413972139359,-0.00588828481062152,0.0165272334625067));
#4169=CARTESIAN_POINT('',(-0.0450413972139359,-0.00450506063538935,0.0298410370195132));
#4170=CARTESIAN_POINT('',(-0.0450413972139359,0.00845708728704797,0.0306195870728181));
#4171=CARTESIAN_POINT('',(-0.0450413972139359,0.011266928566301,0.0168886083408538));
#4172=CARTESIAN_POINT('',(-0.0450413972139359,0.0138019844889641,0.00450043566524982));
#4173=CARTESIAN_POINT('',(-0.0450413972139359,0.0192198338401416,0.0093047232120801));
#4174=CARTESIAN_POINT('',(-0.0450413972139359,0.0232629287711738,0.0128899448320922));
#4175=CARTESIAN_POINT('',(-0.0450413972139359,-0.00115780883823778,0.0210301841341997));
#4176=CARTESIAN_POINT('',(-0.0450413972139359,0.00156879425048827,0.));
#4177=CARTESIAN_POINT('',(-0.0450413972139359,-0.0204425118863583,0.));
#4178=CARTESIAN_POINT('',(-0.0450413972139359,-0.0204425118863583,0.02921));
#4179=CARTESIAN_POINT('',(-0.0450413972139359,-0.0204425118863583,0.02921));
#4180=CARTESIAN_POINT('',(-0.0450413972139359,0.00156879425048827,0.02921));
#4181=CARTESIAN_POINT('',(-0.0450413972139359,-0.00244322253915848,0.0131620136788681));
#4182=CARTESIAN_POINT('',(-0.0450413972139359,0.00552074331790209,0.011171012185514));
#4183=CARTESIAN_POINT('',(-0.0450413972139359,0.00579807488247752,0.0111016789451241));
#4184=CARTESIAN_POINT('',(-0.0450413972139359,0.00156879425048827,0.011171012185514));
#4185=CARTESIAN_POINT('',(-0.0450413972139359,-0.000953212729655206,0.011171012185514));
#4186=CARTESIAN_POINT('',(-0.0450413972139359,0.00562909711941336,0.0127996266607498));
#4187=CARTESIAN_POINT('',(-0.0450413972139359,-0.00179387361276895,0.0109630133956671));
#4188=CARTESIAN_POINT('',(-0.0450413972139359,0.00870126500018972,0.0229816510575652));
#4189=CARTESIAN_POINT('',(-0.0450413972139359,-0.00233120308257639,0.0103476839140058));
#4190=CARTESIAN_POINT('',(-0.0450413972139359,0.0024011857908435,0.0289987954041784));
#4191=CARTESIAN_POINT('',(-0.0450413972139359,-0.00247853575274349,0.00976702198386192));
#4192=CARTESIAN_POINT('',(-0.0450413972139359,-0.00247853575274349,0.02921));
#4193=CARTESIAN_POINT('',(-0.0450413972139359,-0.00247853575274349,0.00896969344466925));
#4194=CARTESIAN_POINT('',(-0.0450413972139359,-0.00736872241605786,0.0267521817161565));
#4195=CARTESIAN_POINT('',(-0.0450413972139359,-0.00228787027299404,0.00827636476606131));
#4196=CARTESIAN_POINT('',(-0.0450413972139359,-0.0108950692944394,0.0202515977500861));
#4197=CARTESIAN_POINT('',(-0.0450413972139359,-0.00188920646905899,0.00772170210257173));
#4198=CARTESIAN_POINT('',(-0.0450413972139359,-0.00258323400186788,0.00785665151936926));
#4199=CARTESIAN_POINT('',(-0.0450413972139359,-0.00126521033234894,0.00760036986321211));
#4200=CARTESIAN_POINT('',(-0.0450413972139359,0.00156879425048827,0.00760036986321211));
#4201=CARTESIAN_POINT('',(-0.0450413972139359,0.00552074331790209,0.00760036986321211));
#4202=CARTESIAN_POINT('',(-0.0450413972139359,0.00377501122205503,0.00742358703148881));
#4203=CARTESIAN_POINT('',(-0.0450413972139359,0.00620540510863066,0.00766970263794065));
#4204=CARTESIAN_POINT('',(-0.0450413972139359,0.0138251452408273,0.0136852858187262));
#4205=CARTESIAN_POINT('',(-0.0450413972139359,0.00669940188527107,0.00805970001965761));
#4206=CARTESIAN_POINT('',(-0.0450413972139359,0.0137027111386664,0.0238171491995428));
#4207=CARTESIAN_POINT('',(-0.0450413972139359,0.00694206682965159,0.00860569626092911));
#4208=CARTESIAN_POINT('',(-0.0450413972139359,0.00694206682965159,0.02921));
#4209=CARTESIAN_POINT('',(-0.0450413972139359,0.00694206682965159,0.00992302037775517));
#4210=CARTESIAN_POINT('',(-0.0450413972139359,0.00208787911976085,0.0293397712173182));
#4211=CARTESIAN_POINT('',(-0.0450413972139359,0.00679473439231515,0.0105123501271009));
#4212=CARTESIAN_POINT('',(-0.0450413972139359,-0.00551984764651826,0.0201880779662324));
#4213=CARTESIAN_POINT('',(-0.0450413972139359,0.00630940450355411,0.0108936801552772));
#4214=CARTESIAN_POINT('',(-0.0450413972139359,-0.00415103257133208,0.0151487793381976));
#4215=CARTESIAN_POINT('',(-0.0450413972139359,0.0178413707762957,0.0231268145143986));
#4216=CARTESIAN_POINT('',(-0.0450413972139359,0.0156842371175914,0.0231268145143986));
#4217=CARTESIAN_POINT('',(0.0455096885561943,-0.0191038278862834,0.02921));
#4218=CARTESIAN_POINT('',(0.0455096885561943,0.00292630568686425,0.0178015397058926));
#4219=CARTESIAN_POINT('',(0.0455096885561943,0.00483187614008784,0.0214812625199557));
#4220=CARTESIAN_POINT('',(0.0455096885561943,0.00198838394135237,0.0159903801977634));
#4221=CARTESIAN_POINT('',(0.0455096885561943,0.00443861282069234,0.0302641395844556));
#4222=CARTESIAN_POINT('',(0.0455096885561943,0.00512603064998985,0.0149118145927787));
#4223=CARTESIAN_POINT('',(0.0455096885561943,-0.0209215615431816,0.0201213347986125));
#4224=CARTESIAN_POINT('',(0.0455096885561943,0.00169422919861973,0.0155981751158833));
#4225=CARTESIAN_POINT('',(0.0455096885561943,0.000740580041419039,0.0143266469320773));
#4226=CARTESIAN_POINT('',(0.0455096885561943,0.0147705134004354,0.0111517440527677));
#4227=CARTESIAN_POINT('',(0.0455096885561943,0.0147705134004354,0.00738472859985577));
#4228=CARTESIAN_POINT('',(0.0455096885561943,0.00196900893934071,0.00906456727534533));
#4229=CARTESIAN_POINT('',(0.0455096885561943,0.00196900893934071,0.00628584143951233));
#4230=CARTESIAN_POINT('',(0.0455096885561943,-0.0191038278862834,0.));
#4231=CARTESIAN_POINT('',(0.0455096885561943,-0.0204425118863583,0.));
#4232=CARTESIAN_POINT('',(0.0455096885561943,-0.0191038278862834,0.02921));
#4233=CARTESIAN_POINT('',(0.0455096885561943,-0.0204425118863583,0.02921));
#4234=CARTESIAN_POINT('',(0.0455096885561943,-0.0204425118863583,0.02921));
#4235=CARTESIAN_POINT('',(0.0455096885561943,-0.00538395012492416,0.0150981293480947));
#4236=CARTESIAN_POINT('',(0.0455096885561943,-0.00860117562115192,0.0119702704250812));
#4237=CARTESIAN_POINT('',(0.0455096885561943,-0.0121310278773308,0.00853846874088049));
#4238=CARTESIAN_POINT('',(0.0455096885561943,-0.0162754382918583,0.0303884959752801));
#4239=CARTESIAN_POINT('',(0.0455096885561943,-0.00713040307164192,0.00844041723757982));
#4240=CARTESIAN_POINT('',(0.0455096885561943,-0.0195063166185666,0.0086830822994766));
#4241=CARTESIAN_POINT('',(-0.0417389869689941,-0.032766,0.0241291429847479));
#4242=CARTESIAN_POINT('',(-0.0417389869689941,-0.032512,0.0241291429847479));
#4243=CARTESIAN_POINT('',(-0.0433078110218048,-0.032512,0.0241291429847479));
#4244=CARTESIAN_POINT('',(-0.0401701629161835,-0.032512,0.0241291429847479));
#4245=CARTESIAN_POINT('',(-0.0433078110218048,-0.032766,0.0241291429847479));
#4246=CARTESIAN_POINT('',(-0.0433078110218048,-0.0204425118863583,0.0241291429847479));
#4247=CARTESIAN_POINT('',(0.00180620700120923,-0.0204425118863583,0.0241291429847479));
#4248=CARTESIAN_POINT('',(-0.0401701629161835,-0.0204425118863583,0.0241291429847479));
#4249=CARTESIAN_POINT('',(-0.0401701629161835,-0.032766,0.0241291429847479));
#4250=CARTESIAN_POINT('',(-0.0401701629161835,-0.032766,0.0258192997425794));
#4251=CARTESIAN_POINT('',(-0.0401701629161835,-0.032766,0.0275094565004111));
#4252=CARTESIAN_POINT('',(-0.0401701629161835,-0.032512,0.0275094565004111));
#4253=CARTESIAN_POINT('',(-0.0401701629161835,-0.0204425118863583,0.0275094565004111));
#4254=CARTESIAN_POINT('',(-0.0401701629161835,-0.032512,0.0258192997425794));
#4255=CARTESIAN_POINT('',(-0.0401701629161835,-0.0204425118863583,0.02921));
#4256=CARTESIAN_POINT('',(-0.000129155814647744,-0.0177651438862086,0.02921));
#4257=CARTESIAN_POINT('',(-0.0253246556967497,-0.0177651438862086,0.0145885469391942));
#4258=CARTESIAN_POINT('',(-0.0253246556967497,-0.0177651438862086,0.0209946173541406));
#4259=CARTESIAN_POINT('',(0.0236520543694496,-0.0177651438862086,0.0162063967436552));
#4260=CARTESIAN_POINT('',(0.0236520543694496,-0.0177651438862086,0.019886920962995));
#4261=CARTESIAN_POINT('',(-0.000129155814647744,-0.0177651438862086,0.));
#4262=CARTESIAN_POINT('',(-0.0418972745537758,-0.0177651438862086,0.));
#4263=CARTESIAN_POINT('',(0.0416389629244804,-0.0177651438862086,0.));
#4264=CARTESIAN_POINT('',(-0.0418972745537758,-0.0177651438862086,0.02921));
#4265=CARTESIAN_POINT('',(-0.0418972745537758,-0.0177651438862086,0.02921));
#4266=CARTESIAN_POINT('',(-0.000129155814647744,-0.0177651438862086,0.02921));
#4267=CARTESIAN_POINT('',(0.0416389629244804,-0.0177651438862086,0.02921));
#4268=CARTESIAN_POINT('',(0.0416389629244804,-0.0177651438862086,0.02921));
#4269=CARTESIAN_POINT('',(-0.0418972745537758,0.00146026164293289,0.02921));
#4270=CARTESIAN_POINT('',(-0.0418972745537758,0.00146026164293289,0.011171012185514));
#4271=CARTESIAN_POINT('',(-0.0418972745537758,-0.000953212729655206,0.011171012185514));
#4272=CARTESIAN_POINT('',(-0.0418972745537758,0.00552074331790209,0.011171012185514));
#4273=CARTESIAN_POINT('',(-0.0418972745537758,-0.00254537081514637,0.0131875508765013));
#4274=CARTESIAN_POINT('',(-0.0418972745537758,0.00579807488247752,0.0111016789451241));
#4275=CARTESIAN_POINT('',(-0.0418972745537758,-0.00424415602516828,0.0151866601198028));
#4276=CARTESIAN_POINT('',(-0.0418972745537758,0.00630940450355411,0.0108936801552772));
#4277=CARTESIAN_POINT('',(-0.0418972745537758,-0.0055869530615897,0.0202408035667209));
#4278=CARTESIAN_POINT('',(-0.0418972745537758,0.00679473439231515,0.0105123501271009));
#4279=CARTESIAN_POINT('',(-0.0418972745537758,0.00208149484872818,0.0293653083014489));
#4280=CARTESIAN_POINT('',(-0.0418972745537758,0.00694206682965159,0.00992302037775517));
#4281=CARTESIAN_POINT('',(-0.0418972745537758,0.00694206682965159,0.02921));
#4282=CARTESIAN_POINT('',(-0.0418972745537758,0.00694206682965159,0.00860569626092911));
#4283=CARTESIAN_POINT('',(-0.0418972745537758,0.0136848088592589,0.0237768690622876));
#4284=CARTESIAN_POINT('',(-0.0418972745537758,0.00669940188527107,0.00805970001965761));
#4285=CARTESIAN_POINT('',(-0.0418972745537758,0.013758284699872,0.0136325011910814));
#4286=CARTESIAN_POINT('',(-0.0418972745537758,0.00620540510863066,0.00766970263794065));
#4287=CARTESIAN_POINT('',(-0.0418972745537758,0.00366758029158508,0.00741270796009617));
#4288=CARTESIAN_POINT('',(-0.0418972745537758,0.00552074331790209,0.00760036986321211));
#4289=CARTESIAN_POINT('',(-0.0418972745537758,0.00146026164293289,0.00760036986321211));
#4290=CARTESIAN_POINT('',(-0.0418972745537758,-0.00126521033234894,0.00760036986321211));
#4291=CARTESIAN_POINT('',(-0.0418972745537758,-0.00268781265491287,0.00787698620001337));
#4292=CARTESIAN_POINT('',(-0.0418972745537758,-0.00188920646905899,0.00772170210257173));
#4293=CARTESIAN_POINT('',(-0.0418972745537758,-0.0109320388708467,0.0203030336806013));
#4294=CARTESIAN_POINT('',(-0.0418972745537758,-0.00228787027299404,0.00827636476606131));
#4295=CARTESIAN_POINT('',(-0.0418972745537758,-0.00737635312927199,0.0267799297506542));
#4296=CARTESIAN_POINT('',(-0.0418972745537758,-0.00247853575274349,0.00896969344466925));
#4297=CARTESIAN_POINT('',(-0.0418972745537758,-0.00247853575274349,0.02921));
#4298=CARTESIAN_POINT('',(-0.0418972745537758,-0.00247853575274349,0.00976702198386192));
#4299=CARTESIAN_POINT('',(-0.0418972745537758,0.0023946210903295,0.0289729228555647));
#4300=CARTESIAN_POINT('',(-0.0418972745537758,-0.00233120308257639,0.0103476839140058));
#4301=CARTESIAN_POINT('',(-0.0418972745537758,0.00865430958062373,0.0229278794786621));
#4302=CARTESIAN_POINT('',(-0.0418972745537758,-0.00179387361276895,0.0109630133956671));
#4303=CARTESIAN_POINT('',(-0.0418972745537758,0.00552682539388468,0.0127743222894238));
#4304=CARTESIAN_POINT('',(-0.0418972745537758,0.00146026164293289,0.));
#4305=CARTESIAN_POINT('',(-0.0418972745537758,0.00146026164293289,0.02921));
#4306=CARTESIAN_POINT('',(0.00180620700120923,-0.0204425118863583,0.02921));
#4307=CARTESIAN_POINT('',(-0.0253246556967497,-0.0204425118863583,0.0145885469391942));
#4308=CARTESIAN_POINT('',(-0.0253246556967497,-0.0204425118863583,0.0209946173541406));
#4309=CARTESIAN_POINT('',(0.0236520543694496,-0.0204425118863583,0.0162063967436552));
#4310=CARTESIAN_POINT('',(0.0236520543694496,-0.0204425118863583,0.019886920962995));
#4311=CARTESIAN_POINT('',(-0.0433078110218048,-0.0204425118863583,0.02921));
#4312=CARTESIAN_POINT('',(-0.0433078110218048,-0.0204425118863583,0.0275094565004111));
#4313=CARTESIAN_POINT('',(0.00180620700120923,-0.0204425118863583,0.0275094565004111));
#4314=CARTESIAN_POINT('',(0.0397548566584586,-0.0204425118863583,0.02921));
#4315=CARTESIAN_POINT('',(0.0397548566584586,-0.0204425118863583,0.0275584813207388));
#4316=CARTESIAN_POINT('',(0.0397548566584586,-0.0204425118863583,0.0240776538848877));
#4317=CARTESIAN_POINT('',(0.00180620700120923,-0.0204425118863583,0.0275584813207388));
#4318=CARTESIAN_POINT('',(0.04289250476408,-0.0204425118863583,0.0275584813207388));
#4319=CARTESIAN_POINT('',(0.04289250476408,-0.0204425118863583,0.02921));
#4320=CARTESIAN_POINT('',(0.04289250476408,-0.0204425118863583,0.0240776538848877));
#4321=CARTESIAN_POINT('',(0.00180620700120923,-0.0204425118863583,0.0240776538848877));
#4322=CARTESIAN_POINT('',(0.00180620700120923,-0.0204425118863583,0.));
#4323=CARTESIAN_POINT('',(0.00180620700120923,-0.0204425118863583,0.02921));
#4324=CARTESIAN_POINT('',(0.0416389629244804,0.00146026164293289,0.02921));
#4325=CARTESIAN_POINT('',(0.0416389629244804,0.00196900893934071,0.00906456727534533));
#4326=CARTESIAN_POINT('',(0.0416389629244804,0.00196900893934071,0.00628584143951233));
#4327=CARTESIAN_POINT('',(0.0416389629244804,0.00146026164293289,0.));
#4328=CARTESIAN_POINT('',(0.0416389629244804,0.00146026164293289,0.02921));
#4329=CARTESIAN_POINT('',(0.00023414567112922,0.00156879425048828,0.02921));
#4330=CARTESIAN_POINT('',(0.00023414567112922,0.00156879425048828,0.));
#4331=CARTESIAN_POINT('',(0.0413236807112693,-0.032766,0.0275584813207388));
#4332=CARTESIAN_POINT('',(0.0397548566584586,-0.032766,0.0275584813207388));
#4333=CARTESIAN_POINT('',(0.0397548566584586,-0.032766,0.0275584813207388));
#4334=CARTESIAN_POINT('',(0.0413236807112693,-0.032766,0.0275584813207388));
#4335=CARTESIAN_POINT('',(0.04289250476408,-0.032766,0.0275584813207388));
#4336=CARTESIAN_POINT('',(0.04289250476408,-0.032766,0.0275584813207388));
#4337=CARTESIAN_POINT('',(0.0397548566584586,-0.032766,0.0258180676028133));
#4338=CARTESIAN_POINT('',(0.0397548566584586,-0.032512,0.0258180676028133));
#4339=CARTESIAN_POINT('',(0.0397548566584586,-0.032512,0.0275094565004111));
#4340=CARTESIAN_POINT('',(0.0397548566584586,-0.032512,0.0240776538848877));
#4341=CARTESIAN_POINT('',(0.0397548566584586,-0.032766,0.0275094565004111));
#4342=CARTESIAN_POINT('',(0.0397548566584586,-0.032766,0.0275094565004111));
#4343=CARTESIAN_POINT('',(0.0397548566584586,-0.032766,0.0258180676028133));
#4344=CARTESIAN_POINT('',(0.0397548566584586,-0.032766,0.0240776538848877));
#4345=CARTESIAN_POINT('',(0.0413236807112693,-0.032766,0.0240776538848877));
#4346=CARTESIAN_POINT('',(-0.000207653128862381,-0.032512,0.0240776538848877));
#4347=CARTESIAN_POINT('',(-0.0433078110218048,-0.032512,0.0240776538848877));
#4348=CARTESIAN_POINT('',(0.04289250476408,-0.032766,0.0240776538848877));
#4349=CARTESIAN_POINT('',(0.04289250476408,-0.036322,0.0240776538848877));
#4350=CARTESIAN_POINT('',(-0.000207653128862381,-0.036322,0.0240776538848877));
#4351=CARTESIAN_POINT('',(-0.0433078110218048,-0.036322,0.0240776538848877));
#4352=CARTESIAN_POINT('',(-0.0433078110218048,-0.036322,0.0240776538848877));
#4353=CARTESIAN_POINT('',(0.04289250476408,-0.032766,0.0258180676028133));
#4354=CARTESIAN_POINT('',(0.04289250476408,-0.032766,0.0258180676028133));
#4355=CARTESIAN_POINT('',(0.04289250476408,-0.032766,0.0275094565004111));
#4356=CARTESIAN_POINT('',(0.04289250476408,-0.036322,0.0275094565004111));
#4357=CARTESIAN_POINT('',(0.04289250476408,-0.036322,0.0275094565004111));
#4358=CARTESIAN_POINT('',(0.04289250476408,-0.036322,0.0257935551926494));
#4359=CARTESIAN_POINT('',(-0.000207653128862381,-0.032766,0.0258180676028133));
#4360=CARTESIAN_POINT('',(-0.000207653128862381,-0.032766,0.0275094565004111));
#4361=CARTESIAN_POINT('',(-0.0417389869689941,-0.032766,0.0275094565004111));
#4362=CARTESIAN_POINT('',(-0.0433078110218048,-0.032766,0.0275094565004111));
#4363=CARTESIAN_POINT('',(-0.0433078110218048,-0.036322,0.0275094565004111));
#4364=CARTESIAN_POINT('',(-0.000207653128862381,-0.036322,0.0275094565004111));
#4365=CARTESIAN_POINT('',(-0.000207653128862381,-0.032512,0.0275094565004111));
#4366=CARTESIAN_POINT('',(-0.0433078110218048,-0.032766,0.0258192997425794));
#4367=CARTESIAN_POINT('',(-0.0433078110218048,-0.032512,0.0257935551926494));
#4368=CARTESIAN_POINT('',(-0.0433078110218048,-0.036322,0.0257935551926494));
#4369=CARTESIAN_POINT('',(-0.000207653128862381,-0.032512,0.0257935551926494));
#4370=CARTESIAN_POINT('',(-0.000207653128862381,-0.036322,0.0257935551926494));
#4371=CARTESIAN_POINT('',(0.0236520543694496,-0.014732,0.0162063967436552));
#4372=CARTESIAN_POINT('',(-0.0253246556967497,-0.014732,0.0145885469391942));
#4373=CARTESIAN_POINT('',(-0.06604,0.00565940910018981,0.0111363455653191));
#4374=CARTESIAN_POINT('',(-0.06604,0.00552074331790209,0.011171012185514));
#4375=CARTESIAN_POINT('',(-0.06604,0.00579807488247752,0.0111016789451241));
#4376=CARTESIAN_POINT('',(-0.06604,0.00228376529412344,0.011171012185514));
#4377=CARTESIAN_POINT('',(-0.06604,-0.000953212729655206,0.011171012185514));
#4378=CARTESIAN_POINT('',(-0.06604,-0.00137354317121208,0.0110670127905905));
#4379=CARTESIAN_POINT('',(-0.06604,-0.00179387361276895,0.0109630133956671));
#4380=CARTESIAN_POINT('',(-0.06604,-0.00206253834767267,0.0106553486548364));
#4381=CARTESIAN_POINT('',(-0.06604,-0.00233120308257639,0.0103476839140058));
#4382=CARTESIAN_POINT('',(-0.06604,-0.00240486941765994,0.0100573529489338));
#4383=CARTESIAN_POINT('',(-0.06604,-0.00247853575274349,0.00976702198386192));
#4384=CARTESIAN_POINT('',(-0.06604,-0.00247853575274349,0.00936835771426558));
#4385=CARTESIAN_POINT('',(-0.06604,-0.00247853575274349,0.00896969344466925));
#4386=CARTESIAN_POINT('',(-0.06604,-0.00238320301286876,0.00862302910536528));
#4387=CARTESIAN_POINT('',(-0.06604,-0.00228787027299404,0.00827636476606131));
#4388=CARTESIAN_POINT('',(-0.06604,-0.00208853837102651,0.00799903343431652));
#4389=CARTESIAN_POINT('',(-0.06604,-0.00188920646905899,0.00772170210257173));
#4390=CARTESIAN_POINT('',(-0.06604,-0.00157720840070397,0.00766103598289192));
#4391=CARTESIAN_POINT('',(-0.06604,-0.00126521033234894,0.00760036986321211));
#4392=CARTESIAN_POINT('',(-0.06604,-0.00113954459084198,0.00760036986321211));
#4393=CARTESIAN_POINT('',(-0.06604,0.00552074331790209,0.00760036986321211));
#4394=CARTESIAN_POINT('',(-0.06604,0.00586307421326637,0.00763503625057638));
#4395=CARTESIAN_POINT('',(-0.06604,0.00620540510863066,0.00766970263794065));
#4396=CARTESIAN_POINT('',(-0.06604,0.00645240349695087,0.00786470132879913));
#4397=CARTESIAN_POINT('',(-0.06604,0.00669940188527107,0.00805970001965761));
#4398=CARTESIAN_POINT('',(-0.06604,0.00682073435746133,0.00833269814029336));
#4399=CARTESIAN_POINT('',(-0.06604,0.00694206682965159,0.00860569626092911));
#4400=CARTESIAN_POINT('',(-0.06604,0.00694206682965159,0.00926435831934214));
#4401=CARTESIAN_POINT('',(-0.06604,0.00694206682965159,0.00992302037775517));
#4402=CARTESIAN_POINT('',(-0.06604,0.00686840061098337,0.0102176852524281));
#4403=CARTESIAN_POINT('',(-0.06604,0.00679473439231515,0.0105123501271009));
#4404=CARTESIAN_POINT('',(-0.06604,0.00655206944793463,0.0107030151411891));
#4405=CARTESIAN_POINT('',(-0.06604,0.00630940450355411,0.0108936801552772));
#4406=CARTESIAN_POINT('',(-0.06604,0.00605373969301581,0.0109976795502007));
#4407=CARTESIAN_POINT('',(0.059182,0.00196900893934071,0.00906456727534533));
#4408=CARTESIAN_POINT('',(0.04572,0.0147705134004354,0.0111517440527677));
#4409=CARTESIAN_POINT('',(0.04572,0.0147705134004354,0.0111517440527677));
#4410=CARTESIAN_POINT('',(0.04572,0.0147705134004354,0.00738472859985577));
#4411=CARTESIAN_POINT('',(0.04572,0.00320325048800832,0.0144329955599057));
#4412=CARTESIAN_POINT('',(0.04572,0.00341013004072011,0.0187358213588595));
#4413=CARTESIAN_POINT('',(0.04572,0.00483187614008784,0.0214812625199557));
#4414=CARTESIAN_POINT('',(0.04572,0.00483187614008784,0.0214812625199557));
#4415=CARTESIAN_POINT('',(0.04572,0.00198838394135237,0.0159903801977634));
#4416=CARTESIAN_POINT('',(0.04572,0.00198838394135237,0.0159903801977634));
#4417=CARTESIAN_POINT('',(0.04572,0.00341013004072011,0.0187358213588595));
#4418=CARTESIAN_POINT('',(0.04572,0.00184130656998604,0.0157942776568234));
#4419=CARTESIAN_POINT('',(0.04572,0.00169422919861973,0.0155981751158833));
#4420=CARTESIAN_POINT('',(0.04572,0.00169422919861973,0.0155981751158833));
#4421=CARTESIAN_POINT('',(0.04572,0.00184130656998604,0.0157942776568234));
#4422=CARTESIAN_POINT('',(0.04572,0.00341012992430478,0.015254994854331));
#4423=CARTESIAN_POINT('',(0.04572,0.00512603064998984,0.0149118145927787));
#4424=CARTESIAN_POINT('',(0.04572,0.00512603064998984,0.0149118145927787));
#4425=CARTESIAN_POINT('',(0.04572,0.00341012992430478,0.015254994854331));
#4426=CARTESIAN_POINT('',(0.04572,0.00497895339503884,0.0181965385563671));
#4427=CARTESIAN_POINT('',(0.04572,0.00497895339503884,0.0181965385563671));
#4428=CARTESIAN_POINT('',(0.04572,0.00320325048800832,0.0144329955599057));
#4429=CARTESIAN_POINT('',(0.04572,-0.0103661017492413,0.0102543695829809));
#4430=CARTESIAN_POINT('',(0.04572,-0.00860117562115192,0.0119702704250812));
#4431=CARTESIAN_POINT('',(0.04572,-0.00860117562115192,0.0119702704250812));
#4432=CARTESIAN_POINT('',(0.04572,-0.0121310278773308,0.00853846874088049));
#4433=CARTESIAN_POINT('',(0.04572,-0.0121310278773308,0.00853846874088049));
#4434=CARTESIAN_POINT('',(0.04572,-0.0103661017492413,0.0102543695829809));
#4435=CARTESIAN_POINT('',(0.04572,-0.00963071547448635,0.00848944298923016));
#4436=CARTESIAN_POINT('',(0.04572,-0.00713040307164192,0.00844041723757982));
#4437=CARTESIAN_POINT('',(0.04572,-0.00713040307164192,0.00844041723757982));
#4438=CARTESIAN_POINT('',(0.04572,-0.00963071547448635,0.00848944298923016));
#4439=CARTESIAN_POINT('',(0.04572,-0.00786578934639692,0.0102053438313305));
#4440=CARTESIAN_POINT('',(0.04572,-0.00786578934639692,0.0102053438313305));
#4441=CARTESIAN_POINT('',(0.04572,0.00320325048800832,0.0144329955599057));
#4442=CARTESIAN_POINT('',(-0.04318,0.0185324566300689,0.00869519024867101));
#4443=CARTESIAN_POINT('',(-0.04318,0.0138019844889641,0.00450043566524982));
#4444=CARTESIAN_POINT('',(-0.04572,0.0138019844889641,0.00450043566524982));
#4445=CARTESIAN_POINT('',(-0.04572,0.0185324566300689,0.00869519024867101));
#4446=CARTESIAN_POINT('',(-0.04572,0.0232629287711738,0.0128899448320922));
#4447=CARTESIAN_POINT('',(-0.04318,0.0232629287711738,0.0128899448320922));
#4448=CARTESIAN_POINT('',(-0.04318,0.0172649286687374,0.014889276586473));
#4449=CARTESIAN_POINT('',(-0.04572,0.0172649286687374,0.014889276586473));
#4450=CARTESIAN_POINT('',(-0.04572,0.011266928566301,0.0168886083408538));
#4451=CARTESIAN_POINT('',(-0.04318,0.011266928566301,0.0168886083408538));
#4452=CARTESIAN_POINT('',(-0.04318,0.0125344565276325,0.0106945220030518));
#4453=CARTESIAN_POINT('',(-0.04572,0.0125344565276325,0.0106945220030518));
#4454=CARTESIAN_POINT('',(-0.04572,0.00674227461623931,0.0148921919191763));
#4455=CARTESIAN_POINT('',(-0.04318,-0.00889953101024272,0.0192320511101956));
#4456=CARTESIAN_POINT('',(-0.04318,-0.00802068248179024,0.020210464310659));
#4457=CARTESIAN_POINT('',(-0.04572,-0.00802068248179024,0.020210464310659));
#4458=CARTESIAN_POINT('',(-0.04572,-0.00889953101024272,0.0192320511101956));
#4459=CARTESIAN_POINT('',(-0.04572,-0.00977837953869519,0.0182536379097322));
#4460=CARTESIAN_POINT('',(-0.04318,-0.00977837953869519,0.0182536379097322));
#4461=CARTESIAN_POINT('',(-0.04318,-0.0091194324195385,0.0171154569834471));
#4462=CARTESIAN_POINT('',(-0.04572,-0.0091194324195385,0.0171154569834471));
#4463=CARTESIAN_POINT('',(-0.04572,-0.00846048530038181,0.015977276057162));
#4464=CARTESIAN_POINT('',(-0.04318,-0.00846048530038181,0.015977276057162));
#4465=CARTESIAN_POINT('',(-0.04318,-0.00717438505550167,0.0162522547598343));
#4466=CARTESIAN_POINT('',(-0.04572,-0.00717438505550167,0.0162522547598343));
#4467=CARTESIAN_POINT('',(-0.04572,-0.00588828481062152,0.0165272334625067));
#4468=CARTESIAN_POINT('',(-0.04318,-0.00588828481062152,0.0165272334625067));
#4469=CARTESIAN_POINT('',(-0.04318,-0.00575237826550273,0.0178353605732257));
#4470=CARTESIAN_POINT('',(-0.04572,-0.00575237826550273,0.0178353605732257));
#4471=CARTESIAN_POINT('',(-0.04572,-0.00561647172038393,0.0191434876839447));
#4472=CARTESIAN_POINT('',(-0.04318,-0.00561647172038393,0.0191434876839447));
#4473=CARTESIAN_POINT('',(-0.04318,-0.00681857710108708,0.0196769759973019));
#4474=CARTESIAN_POINT('',(-0.04572,-0.00681857710108708,0.0196769759973019));
#4475=CARTESIAN_POINT('',(-0.04572,0.00674227461623931,0.0148921919191763));
#4476=CARTESIAN_POINT('',(-0.04318,0.0178413707762957,0.0231268145143986));
#4477=CARTESIAN_POINT('',(-0.04572,0.0178413707762957,0.0231268145143986));
#4478=CARTESIAN_POINT('',(-0.04572,0.0178413707762957,0.0209696808556943));
#4479=CARTESIAN_POINT('',(-0.04572,0.00674227461623931,0.0148921919191763));
#4480=CARTESIAN_POINT('',(-0.0188490692526102,0.04572,0.0133729851804674));
#4481=CARTESIAN_POINT('',(-0.0188490692526102,0.04572,0.0222348514944315));
#4482=CARTESIAN_POINT('',(-0.0188490692526102,0.04572,0.00451111886650324));
#4483=CARTESIAN_POINT('',(-0.0199568029493093,0.04572,0.0222348514944315));
#4484=CARTESIAN_POINT('',(-0.0210645366460085,0.04572,0.0222348514944315));
#4485=CARTESIAN_POINT('',(-0.0210645366460085,0.04572,0.0133729851804674));
#4486=CARTESIAN_POINT('',(-0.0210645366460085,0.04572,0.00451111886650324));
#4487=CARTESIAN_POINT('',(-0.0199568029493093,0.04572,0.00451111886650324));
#4488=CARTESIAN_POINT('',(-0.015117758885026,0.04572,0.0129648731090128));
#4489=CARTESIAN_POINT('',(-0.015117758885026,0.04572,0.0175707116723061));
#4490=CARTESIAN_POINT('',(-0.015117758885026,0.04572,0.00835903454571962));
#4491=CARTESIAN_POINT('',(-0.0159922847524285,0.04572,0.0175707116723061));
#4492=CARTESIAN_POINT('',(-0.0168668106198311,0.04572,0.0175707116723061));
#4493=CARTESIAN_POINT('',(-0.0168668106198311,0.04572,0.0129648731090128));
#4494=CARTESIAN_POINT('',(-0.0168668106198311,0.04572,0.00835903454571962));
#4495=CARTESIAN_POINT('',(-0.0159922847524285,0.04572,0.00835903454571962));
#4496=CARTESIAN_POINT('',(-0.0120860664173961,0.04572,0.013256381964311));
#4497=CARTESIAN_POINT('',(-0.0120860664173961,0.04572,0.0203691963106394));
#4498=CARTESIAN_POINT('',(-0.0120860664173961,0.04572,0.00614356761798263));
#4499=CARTESIAN_POINT('',(-0.0127856880426407,0.04572,0.0203691963106394));
#4500=CARTESIAN_POINT('',(-0.0134853096678853,0.04572,0.0203691963106394));
#4501=CARTESIAN_POINT('',(-0.0134853096678853,0.04572,0.013256381964311));
#4502=CARTESIAN_POINT('',(-0.0134853096678853,0.04572,0.00614356761798263));
#4503=CARTESIAN_POINT('',(-0.0127856880426407,0.04572,0.00614356761798263));
#4504=CARTESIAN_POINT('',(-0.00812154728919268,0.04572,0.0130231743678451));
#4505=CARTESIAN_POINT('',(-0.00812154728919268,0.04572,0.0158216580748558));
#4506=CARTESIAN_POINT('',(-0.00812154728919268,0.04572,0.0102246906608343));
#4507=CARTESIAN_POINT('',(-0.00882116798311472,0.04572,0.0158216580748558));
#4508=CARTESIAN_POINT('',(-0.00952078867703676,0.04572,0.0158216580748558));
#4509=CARTESIAN_POINT('',(-0.00952078867703676,0.04572,0.0130231743678451));
#4510=CARTESIAN_POINT('',(-0.00952078867703676,0.04572,0.0102246906608343));
#4511=CARTESIAN_POINT('',(-0.00882116798311472,0.04572,0.0102246906608343));
#4512=CARTESIAN_POINT('',(-0.00415702816098929,0.04572,0.0136061918456107));
#4513=CARTESIAN_POINT('',(-0.00415702816098929,0.04572,0.0196695737540722));
#4514=CARTESIAN_POINT('',(-0.00415702816098929,0.04572,0.00754280993714929));
#4515=CARTESIAN_POINT('',(-0.00532306334935129,0.04572,0.0196695737540722));
#4516=CARTESIAN_POINT('',(-0.00648909853771329,0.04572,0.0196695737540722));
#4517=CARTESIAN_POINT('',(-0.00648909853771329,0.04572,0.0136061918456107));
#4518=CARTESIAN_POINT('',(-0.00648909853771329,0.04572,0.00754280993714929));
#4519=CARTESIAN_POINT('',(-0.00532306334935129,0.04572,0.00754280993714929));
#4520=CARTESIAN_POINT('',(0.,0.04572,0.0134895886294544));
#4521=CARTESIAN_POINT('',(0.,0.04572,0.0223514549434185));
#4522=CARTESIAN_POINT('',(0.,0.04572,0.00462772231549025));
#4523=CARTESIAN_POINT('',(-0.00114568567369133,0.04572,0.0223514549434185));
#4524=CARTESIAN_POINT('',(-0.00229137134738266,0.04572,0.0223514549434185));
#4525=CARTESIAN_POINT('',(-0.00229137134738266,0.04572,0.0134895886294544));
#4526=CARTESIAN_POINT('',(-0.00229137134738266,0.04572,0.00462772231549025));
#4527=CARTESIAN_POINT('',(-0.00114568567369133,0.04572,0.00462772231549025));
#4528=CARTESIAN_POINT('',(0.00447163172066212,0.04572,0.0119737437926233));
#4529=CARTESIAN_POINT('',(0.00447163172066212,0.04572,0.015938263386488));
#4530=CARTESIAN_POINT('',(0.00447163172066212,0.04572,0.0080092241987586));
#4531=CARTESIAN_POINT('',(0.00359710527118296,0.04572,0.015938263386488));
#4532=CARTESIAN_POINT('',(0.00272257882170379,0.04572,0.015938263386488));
#4533=CARTESIAN_POINT('',(0.00272257882170379,0.04572,0.0119737437926233));
#4534=CARTESIAN_POINT('',(0.00272257882170379,0.04572,0.0080092241987586));
#4535=CARTESIAN_POINT('',(0.00359710527118296,0.04572,0.0080092241987586));
#4536=CARTESIAN_POINT('',(0.00808634050190449,0.04572,0.0132563824299723));
#4537=CARTESIAN_POINT('',(0.00808634050190449,0.04572,0.0227012671530247));
#4538=CARTESIAN_POINT('',(0.00808634050190449,0.04572,0.00381149770691991));
#4539=CARTESIAN_POINT('',(0.00692030531354249,0.04572,0.0227012671530247));
#4540=CARTESIAN_POINT('',(0.00575427012518048,0.04572,0.0227012671530247));
#4541=CARTESIAN_POINT('',(0.00575427012518048,0.04572,0.0132563824299723));
#4542=CARTESIAN_POINT('',(0.00575427012518048,0.04572,0.00381149770691991));
#4543=CARTESIAN_POINT('',(0.00692030531354249,0.04572,0.00381149770691991));
#4544=CARTESIAN_POINT('',(0.0132168950513005,0.04572,0.0130231752991676));
#4545=CARTESIAN_POINT('',(0.0132168950513005,0.04572,0.0193197652697563));
#4546=CARTESIAN_POINT('',(0.0132168950513005,0.04572,0.00672658532857895));
#4547=CARTESIAN_POINT('',(0.0121674635447562,0.04572,0.0193197652697563));
#4548=CARTESIAN_POINT('',(0.0111180320382118,0.04572,0.0193197652697563));
#4549=CARTESIAN_POINT('',(0.0111180320382118,0.04572,0.0130231752991676));
#4550=CARTESIAN_POINT('',(0.0111180320382118,0.04572,0.00672658532857895));
#4551=CARTESIAN_POINT('',(0.0121674635447562,0.04572,0.00672658532857895));
#4552=CARTESIAN_POINT('',(0.0170648097991943,0.04572,0.0138977011665702));
#4553=CARTESIAN_POINT('',(0.0170648097991943,0.04572,0.0175707116723061));
#4554=CARTESIAN_POINT('',(0.0170648097991943,0.04572,0.0102246906608343));
#4555=CARTESIAN_POINT('',(0.0162485856562853,0.04572,0.0175707116723061));
#4556=CARTESIAN_POINT('',(0.0154323615133762,0.04572,0.0175707116723061));
#4557=CARTESIAN_POINT('',(0.0154323615133762,0.04572,0.0138977011665702));
#4558=CARTESIAN_POINT('',(0.0154323615133762,0.04572,0.0102246906608343));
#4559=CARTESIAN_POINT('',(0.0162485856562853,0.04572,0.0102246906608343));
#4560=CARTESIAN_POINT('',(0.0213791411370039,0.04572,0.013956002658233));
#4561=CARTESIAN_POINT('',(0.0213791411370039,0.04572,0.0223514549434185));
#4562=CARTESIAN_POINT('',(0.0213791411370039,0.04572,0.00556055037304759));
#4563=CARTESIAN_POINT('',(0.0203880108892918,0.04572,0.0223514549434185));
#4564=CARTESIAN_POINT('',(0.0193968806415796,0.04572,0.0223514549434185));
#4565=CARTESIAN_POINT('',(0.0193968806415796,0.04572,0.013956002658233));
#4566=CARTESIAN_POINT('',(0.0193968806415796,0.04572,0.00556055037304759));
#4567=CARTESIAN_POINT('',(0.0203880108892918,0.04572,0.00556055037304759));
#4568=CARTESIAN_POINT('',(0.,0.,0.));
#4569=CARTESIAN_POINT('',(-0.000129155814647737,0.00146026164293289,0.02921));
#4570=CARTESIAN_POINT('',(-0.0211814250797033,0.00320680439472198,0.02921));
#4571=CARTESIAN_POINT('',(-0.00675931002519635,0.00320680439472198,0.02921));
#4572=CARTESIAN_POINT('',(0.0215823635994196,0.0031243534758687,0.02921));
#4573=CARTESIAN_POINT('',(0.0360044786539266,0.0031243534758687,0.02921));
#4574=CARTESIAN_POINT('',(0.0369394905865192,-0.0144350836053491,0.02921));
#4575=CARTESIAN_POINT('',(0.039695134775913,-0.0144350836053491,0.02921));
#4576=CARTESIAN_POINT('',(-0.000129155814647737,-0.00767409102991223,0.02921));
#4577=CARTESIAN_POINT('',(-0.00568774482235313,-0.00767409102991223,0.02921));
#4578=CARTESIAN_POINT('',(0.00602031638845801,-0.00767409102991223,0.02921));
#4579=CARTESIAN_POINT('',(-0.00568774482235313,0.00146026164293289,0.02921));
#4580=CARTESIAN_POINT('',(-0.00568774482235313,-0.00404624128714204,0.02921));
#4581=CARTESIAN_POINT('',(-0.000129155814647737,-0.00404624128714204,0.02921));
#4582=CARTESIAN_POINT('',(0.00602031638845801,-0.00404624128714204,0.02921));
#4583=CARTESIAN_POINT('',(0.00602031638845801,0.00146026164293289,0.02921));
#4584=CARTESIAN_POINT('',(-0.000129155814647737,0.0131035940721631,0.02921));
#4585=CARTESIAN_POINT('',(0.00560805993154645,0.0131035940721631,0.02921));
#4586=CARTESIAN_POINT('',(0.00808159355074167,0.0131035940721631,0.02921));
#4587=CARTESIAN_POINT('',(0.00560805993154645,0.00146026164293289,0.02921));
#4588=CARTESIAN_POINT('',(0.00560805993154645,0.0150824207812547,0.02921));
#4589=CARTESIAN_POINT('',(-0.000129155814647737,0.0150824207812547,0.02921));
#4590=CARTESIAN_POINT('',(0.00808159355074167,0.0150824207812547,0.02921));
#4591=CARTESIAN_POINT('',(0.00808159355074167,0.00146026164293289,0.02921));
#4592=CARTESIAN_POINT('',(-0.000129155814647737,0.0131035940721631,0.02921));
#4593=CARTESIAN_POINT('',(0.00208320654928684,0.0131035940721631,0.02921));
#4594=CARTESIAN_POINT('',(0.00459390515952249,0.0131035940721631,0.02921));
#4595=CARTESIAN_POINT('',(0.00208320654928684,0.00146026164293289,0.02921));
#4596=CARTESIAN_POINT('',(0.00208320654928684,0.0151121527712885,0.02921));
#4597=CARTESIAN_POINT('',(-0.000129155814647737,0.0151121527712884,0.02921));
#4598=CARTESIAN_POINT('',(0.00459390515952249,0.0151121527712884,0.02921));
#4599=CARTESIAN_POINT('',(0.00459390515952249,0.00146026164293289,0.02921));
#4600=CARTESIAN_POINT('',(-0.000129155814647737,0.0131035940721631,0.02921));
#4601=CARTESIAN_POINT('',(-0.00130006303371191,0.0131035940721631,0.02921));
#4602=CARTESIAN_POINT('',(0.00117347058548331,0.0131035940721631,0.02921));
#4603=CARTESIAN_POINT('',(-0.00130006303371191,0.00146026164293289,0.02921));
#4604=CARTESIAN_POINT('',(-0.00130006303371191,0.0150824207812547,0.02921));
#4605=CARTESIAN_POINT('',(-0.000129155814647737,0.0150824207812547,0.02921));
#4606=CARTESIAN_POINT('',(0.00117347058548331,0.0150824207812547,0.02921));
#4607=CARTESIAN_POINT('',(0.00117347058548331,0.00146026164293289,0.02921));
#4608=CARTESIAN_POINT('',(-0.000129155814647737,0.0130303096957505,0.02921));
#4609=CARTESIAN_POINT('',(-0.00450500659644604,0.0130303096957505,0.02921));
#4610=CARTESIAN_POINT('',(-0.00203147297725081,0.0130303096957505,0.02921));
#4611=CARTESIAN_POINT('',(-0.00450500659644604,0.00146026164293289,0.02921));
#4612=CARTESIAN_POINT('',(-0.00450500659644604,0.0150091364048421,0.02921));
#4613=CARTESIAN_POINT('',(-0.000129155814647737,0.0150091364048421,0.02921));
#4614=CARTESIAN_POINT('',(-0.00203147297725081,0.0150091364048421,0.02921));
#4615=CARTESIAN_POINT('',(-0.00203147297725081,0.00146026164293289,0.02921));
#4616=CARTESIAN_POINT('',(-0.000129155814647737,0.0131035940721631,0.02921));
#4617=CARTESIAN_POINT('',(-0.00788746888151467,0.0131035940721631,0.02921));
#4618=CARTESIAN_POINT('',(-0.00541393526231945,0.0131035940721631,0.02921));
#4619=CARTESIAN_POINT('',(-0.00788746888151467,0.00146026164293289,0.02921));
#4620=CARTESIAN_POINT('',(-0.00788746888151467,0.0150824207812547,0.02921));
#4621=CARTESIAN_POINT('',(-0.000129155814647737,0.0150824207812547,0.02921));
#4622=CARTESIAN_POINT('',(-0.00541393526231945,0.0150824207812547,0.02921));
#4623=CARTESIAN_POINT('',(-0.00541393526231945,0.00146026164293289,0.02921));
#4624=CARTESIAN_POINT('',(-0.000129155814647737,-0.01633146032691,0.02921));
#4625=CARTESIAN_POINT('',(-0.0324019119143486,-0.01633146032691,0.02921));
#4626=CARTESIAN_POINT('',(0.030013594776392,-0.01633146032691,0.02921));
#4627=CARTESIAN_POINT('',(-0.0324019119143486,0.00146026164293289,0.02921));
#4628=CARTESIAN_POINT('',(-0.0324019119143486,-0.0129509633406997,0.02921));
#4629=CARTESIAN_POINT('',(-0.000129155814647737,-0.0129509633406997,0.02921));
#4630=CARTESIAN_POINT('',(0.030013594776392,-0.0129509633406997,0.02921));
#4631=CARTESIAN_POINT('',(0.030013594776392,0.00146026164293289,0.02921));
#4632=CARTESIAN_POINT('',(-0.000129155814647737,0.0206856671720743,0.02921));
#4633=CARTESIAN_POINT('',(-0.0418972745537758,0.0206856671720743,0.02921));
#4634=CARTESIAN_POINT('',(0.0416389629244804,0.0206856671720743,0.02921));
#4635=CARTESIAN_POINT('',(-0.0418972745537758,0.00146026164293289,0.02921));
#4636=CARTESIAN_POINT('',(-0.0418972745537758,-0.0177651438862086,0.02921));
#4637=CARTESIAN_POINT('',(-0.000129155814647737,-0.0177651438862086,0.02921));
#4638=CARTESIAN_POINT('',(0.0416389629244804,-0.0177651438862086,0.02921));
#4639=CARTESIAN_POINT('',(0.0416389629244804,0.00146026164293289,0.02921));
#4640=CARTESIAN_POINT('',(-0.037596333771944,-0.0144350836053491,0.02921));
#4641=CARTESIAN_POINT('',(-0.034737765061514,-0.0144350836053491,0.02921));
#4642=CARTESIAN_POINT('',(-0.000129155814647737,0.0206856671720743,0.02921));
#4643=CARTESIAN_POINT('',(-0.000129155814647737,0.0206856671720743,0.02667));
#4644=CARTESIAN_POINT('',(-0.0418972745537758,0.0206856671720743,0.02667));
#4645=CARTESIAN_POINT('',(0.0416389629244804,0.0206856671720743,0.02667));
#4646=CARTESIAN_POINT('',(-0.0418972745537758,0.0206856671720743,0.02921));
#4647=CARTESIAN_POINT('',(0.0416389629244804,0.0206856671720743,0.02921));
#4648=CARTESIAN_POINT('',(-0.0418972745537758,0.00146026164293289,0.02921));
#4649=CARTESIAN_POINT('',(-0.0418972745537758,0.00146026164293289,0.02667));
#4650=CARTESIAN_POINT('',(-0.0418972745537758,-0.0177651438862086,0.02667));
#4651=CARTESIAN_POINT('',(-0.0418972745537758,-0.0177651438862086,0.02921));
#4652=CARTESIAN_POINT('',(-0.000129155814647737,-0.0177651438862086,0.02921));
#4653=CARTESIAN_POINT('',(-0.000129155814647737,-0.0177651438862086,0.02667));
#4654=CARTESIAN_POINT('',(0.0416389629244804,-0.0177651438862086,0.02667));
#4655=CARTESIAN_POINT('',(0.0416389629244804,-0.0177651438862086,0.02921));
#4656=CARTESIAN_POINT('',(0.0416389629244804,0.00146026164293289,0.02921));
#4657=CARTESIAN_POINT('',(0.0416389629244804,0.00146026164293289,0.02667));
#4658=CARTESIAN_POINT('',(-0.000129155814647737,0.00146026164293289,0.02667));
#4659=CARTESIAN_POINT('',(-0.0211814250797033,0.00320680439472198,0.02667));
#4660=CARTESIAN_POINT('',(-0.00675931002519635,0.00320680439472198,0.02667));
#4661=CARTESIAN_POINT('',(0.0215823635994196,0.0031243534758687,0.02667));
#4662=CARTESIAN_POINT('',(0.0360044786539266,0.0031243534758687,0.02667));
#4663=CARTESIAN_POINT('',(-0.00119415856897831,-0.01633146032691,0.030988));
#4664=CARTESIAN_POINT('',(-0.0324019119143486,-0.01633146032691,0.030988));
#4665=CARTESIAN_POINT('',(-0.0324019119143486,-0.01633146032691,0.030988));
#4666=CARTESIAN_POINT('',(0.030013594776392,-0.01633146032691,0.030988));
#4667=CARTESIAN_POINT('',(0.030013594776392,-0.01633146032691,0.030988));
#4668=CARTESIAN_POINT('',(-0.00119415856897831,-0.01633146032691,0.030988));
#4669=CARTESIAN_POINT('',(0.030013594776392,-0.0146412118338048,0.030988));
#4670=CARTESIAN_POINT('',(0.030013594776392,-0.0129509633406997,0.030988));
#4671=CARTESIAN_POINT('',(0.030013594776392,-0.0129509633406997,0.030988));
#4672=CARTESIAN_POINT('',(0.030013594776392,-0.0146412118338048,0.030988));
#4673=CARTESIAN_POINT('',(-0.00119415856897831,-0.0129509633406997,0.030988));
#4674=CARTESIAN_POINT('',(-0.0324019119143486,-0.0129509633406997,0.030988));
#4675=CARTESIAN_POINT('',(-0.0324019119143486,-0.0129509633406997,0.030988));
#4676=CARTESIAN_POINT('',(-0.00119415856897831,-0.0129509633406997,0.030988));
#4677=CARTESIAN_POINT('',(-0.0324019119143486,-0.0146412118338048,0.030988));
#4678=CARTESIAN_POINT('',(-0.0324019119143486,-0.0146412118338048,0.030988));
#4679=CARTESIAN_POINT('',(-0.000379883853230532,-0.0010907497722453,0.030988));
#4680=CARTESIAN_POINT('',(-0.00665070207191706,0.0131035940721631,0.030988));
#4681=CARTESIAN_POINT('',(-0.00788746888151467,0.0131035940721631,0.030988));
#4682=CARTESIAN_POINT('',(-0.00788746888151467,0.0131035940721631,0.030988));
#4683=CARTESIAN_POINT('',(-0.00541393526231945,0.0131035940721631,0.030988));
#4684=CARTESIAN_POINT('',(-0.00541393526231945,0.0131035940721631,0.030988));
#4685=CARTESIAN_POINT('',(-0.00665070207191706,0.0131035940721631,0.030988));
#4686=CARTESIAN_POINT('',(-0.00541393526231945,0.0140930074267089,0.030988));
#4687=CARTESIAN_POINT('',(-0.00541393526231945,0.0150824207812547,0.030988));
#4688=CARTESIAN_POINT('',(-0.00541393526231945,0.0150824207812547,0.030988));
#4689=CARTESIAN_POINT('',(-0.00541393526231945,0.0140930074267089,0.030988));
#4690=CARTESIAN_POINT('',(-0.00665070207191706,0.0150824207812547,0.030988));
#4691=CARTESIAN_POINT('',(-0.00788746888151467,0.0150824207812547,0.030988));
#4692=CARTESIAN_POINT('',(-0.00788746888151467,0.0150824207812547,0.030988));
#4693=CARTESIAN_POINT('',(-0.00665070207191706,0.0150824207812547,0.030988));
#4694=CARTESIAN_POINT('',(-0.00788746888151467,0.0140930074267089,0.030988));
#4695=CARTESIAN_POINT('',(-0.00788746888151467,0.0140930074267089,0.030988));
#4696=CARTESIAN_POINT('',(-0.000379883853230532,-0.0010907497722453,0.030988));
#4697=CARTESIAN_POINT('',(-0.00326823978684842,0.0130303096957505,0.030988));
#4698=CARTESIAN_POINT('',(-0.00450500659644604,0.0130303096957505,0.030988));
#4699=CARTESIAN_POINT('',(-0.00450500659644604,0.0130303096957505,0.030988));
#4700=CARTESIAN_POINT('',(-0.00203147297725081,0.0130303096957505,0.030988));
#4701=CARTESIAN_POINT('',(-0.00203147297725081,0.0130303096957505,0.030988));
#4702=CARTESIAN_POINT('',(-0.00326823978684842,0.0130303096957505,0.030988));
#4703=CARTESIAN_POINT('',(-0.00203147297725081,0.0140197230502963,0.030988));
#4704=CARTESIAN_POINT('',(-0.00203147297725081,0.0150091364048421,0.030988));
#4705=CARTESIAN_POINT('',(-0.00203147297725081,0.0150091364048421,0.030988));
#4706=CARTESIAN_POINT('',(-0.00203147297725081,0.0140197230502963,0.030988));
#4707=CARTESIAN_POINT('',(-0.00326823978684842,0.0150091364048421,0.030988));
#4708=CARTESIAN_POINT('',(-0.00450500659644604,0.0150091364048421,0.030988));
#4709=CARTESIAN_POINT('',(-0.00450500659644604,0.0150091364048421,0.030988));
#4710=CARTESIAN_POINT('',(-0.00326823978684842,0.0150091364048421,0.030988));
#4711=CARTESIAN_POINT('',(-0.00450500659644604,0.0140197230502963,0.030988));
#4712=CARTESIAN_POINT('',(-0.00450500659644604,0.0140197230502963,0.030988));
#4713=CARTESIAN_POINT('',(-0.000379883853230532,-0.0010907497722453,0.030988));
#4714=CARTESIAN_POINT('',(-6.32962241142983E-5,0.0131035940721631,0.030988));
#4715=CARTESIAN_POINT('',(-0.00130006303371191,0.0131035940721631,0.030988));
#4716=CARTESIAN_POINT('',(-0.00130006303371191,0.0131035940721631,0.030988));
#4717=CARTESIAN_POINT('',(0.00117347058548331,0.0131035940721631,0.030988));
#4718=CARTESIAN_POINT('',(0.00117347058548331,0.0131035940721631,0.030988));
#4719=CARTESIAN_POINT('',(-6.32962241142983E-5,0.0131035940721631,0.030988));
#4720=CARTESIAN_POINT('',(0.00117347058548331,0.0140930074267089,0.030988));
#4721=CARTESIAN_POINT('',(0.00117347058548331,0.0150824207812547,0.030988));
#4722=CARTESIAN_POINT('',(0.00117347058548331,0.0150824207812547,0.030988));
#4723=CARTESIAN_POINT('',(0.00117347058548331,0.0140930074267089,0.030988));
#4724=CARTESIAN_POINT('',(-6.32962241142983E-5,0.0150824207812547,0.030988));
#4725=CARTESIAN_POINT('',(-0.00130006303371191,0.0150824207812547,0.030988));
#4726=CARTESIAN_POINT('',(-0.00130006303371191,0.0150824207812547,0.030988));
#4727=CARTESIAN_POINT('',(-6.32962241142983E-5,0.0150824207812547,0.030988));
#4728=CARTESIAN_POINT('',(-0.00130006303371191,0.0140930074267089,0.030988));
#4729=CARTESIAN_POINT('',(-0.00130006303371191,0.0140930074267089,0.030988));
#4730=CARTESIAN_POINT('',(-0.000379883853230532,-0.0010907497722453,0.030988));
#4731=CARTESIAN_POINT('',(0.00333855585440467,0.0131035940721631,0.030988));
#4732=CARTESIAN_POINT('',(0.00208320654928684,0.0131035940721631,0.030988));
#4733=CARTESIAN_POINT('',(0.00208320654928684,0.0131035940721631,0.030988));
#4734=CARTESIAN_POINT('',(0.00459390515952249,0.0131035940721631,0.030988));
#4735=CARTESIAN_POINT('',(0.00459390515952249,0.0131035940721631,0.030988));
#4736=CARTESIAN_POINT('',(0.00333855585440467,0.0131035940721631,0.030988));
#4737=CARTESIAN_POINT('',(0.00459390515952249,0.0141078734217258,0.030988));
#4738=CARTESIAN_POINT('',(0.00459390515952249,0.0151121527712884,0.030988));
#4739=CARTESIAN_POINT('',(0.00459390515952249,0.0151121527712884,0.030988));
#4740=CARTESIAN_POINT('',(0.00459390515952249,0.0141078734217258,0.030988));
#4741=CARTESIAN_POINT('',(0.00333855585440467,0.0151121527712884,0.030988));
#4742=CARTESIAN_POINT('',(0.00208320654928684,0.0151121527712885,0.030988));
#4743=CARTESIAN_POINT('',(0.00208320654928684,0.0151121527712885,0.030988));
#4744=CARTESIAN_POINT('',(0.00333855585440467,0.0151121527712884,0.030988));
#4745=CARTESIAN_POINT('',(0.00208320654928684,0.0141078734217258,0.030988));
#4746=CARTESIAN_POINT('',(0.00208320654928684,0.0141078734217258,0.030988));
#4747=CARTESIAN_POINT('',(-0.000379883853230532,-0.0010907497722453,0.030988));
#4748=CARTESIAN_POINT('',(0.00684482674114406,0.0131035940721631,0.030988));
#4749=CARTESIAN_POINT('',(0.00560805993154645,0.0131035940721631,0.030988));
#4750=CARTESIAN_POINT('',(0.00560805993154645,0.0131035940721631,0.030988));
#4751=CARTESIAN_POINT('',(0.00808159355074167,0.0131035940721631,0.030988));
#4752=CARTESIAN_POINT('',(0.00808159355074167,0.0131035940721631,0.030988));
#4753=CARTESIAN_POINT('',(0.00684482674114406,0.0131035940721631,0.030988));
#4754=CARTESIAN_POINT('',(0.00808159355074167,0.0140930074267089,0.030988));
#4755=CARTESIAN_POINT('',(0.00808159355074167,0.0150824207812547,0.030988));
#4756=CARTESIAN_POINT('',(0.00808159355074167,0.0150824207812547,0.030988));
#4757=CARTESIAN_POINT('',(0.00808159355074167,0.0140930074267089,0.030988));
#4758=CARTESIAN_POINT('',(0.00684482674114406,0.0150824207812547,0.030988));
#4759=CARTESIAN_POINT('',(0.00560805993154645,0.0150824207812547,0.030988));
#4760=CARTESIAN_POINT('',(0.00560805993154645,0.0150824207812547,0.030988));
#4761=CARTESIAN_POINT('',(0.00684482674114406,0.0150824207812547,0.030988));
#4762=CARTESIAN_POINT('',(0.00560805993154645,0.0140930074267089,0.030988));
#4763=CARTESIAN_POINT('',(0.00560805993154645,0.0140930074267089,0.030988));
#4764=CARTESIAN_POINT('',(-0.000379883853230532,-0.0010907497722453,0.030988));
#4765=CARTESIAN_POINT('',(0.000166285783052445,-0.00767409102991223,0.030988));
#4766=CARTESIAN_POINT('',(-0.00568774482235313,-0.00767409102991223,0.030988));
#4767=CARTESIAN_POINT('',(-0.00568774482235313,-0.00767409102991223,0.030988));
#4768=CARTESIAN_POINT('',(0.00602031638845801,-0.00767409102991223,0.030988));
#4769=CARTESIAN_POINT('',(0.00602031638845801,-0.00767409102991223,0.030988));
#4770=CARTESIAN_POINT('',(0.000166285783052445,-0.00767409102991223,0.030988));
#4771=CARTESIAN_POINT('',(0.00602031638845801,-0.00586016615852714,0.030988));
#4772=CARTESIAN_POINT('',(0.00602031638845801,-0.00404624128714204,0.030988));
#4773=CARTESIAN_POINT('',(0.00602031638845801,-0.00404624128714204,0.030988));
#4774=CARTESIAN_POINT('',(0.00602031638845801,-0.00586016615852714,0.030988));
#4775=CARTESIAN_POINT('',(0.000166285783052445,-0.00404624128714204,0.030988));
#4776=CARTESIAN_POINT('',(-0.00568774482235313,-0.00404624128714204,0.030988));
#4777=CARTESIAN_POINT('',(-0.00568774482235313,-0.00404624128714204,0.030988));
#4778=CARTESIAN_POINT('',(0.000166285783052445,-0.00404624128714204,0.030988));
#4779=CARTESIAN_POINT('',(-0.00568774482235313,-0.00586016615852714,0.030988));
#4780=CARTESIAN_POINT('',(-0.00568774482235313,-0.00586016615852714,0.030988));
#4781=CARTESIAN_POINT('',(-0.000379883853230532,-0.0010907497722453,0.030988));
#4782=CARTESIAN_POINT('',(0.0369394905865192,-0.0144350836053491,0.030988));
#4783=CARTESIAN_POINT('',(0.0369394905865192,-0.0144350836053491,0.030988));
#4784=CARTESIAN_POINT('',(0.039695134775913,-0.0144350836053491,0.030988));
#4785=CARTESIAN_POINT('',(-0.000379883853230532,-0.0010907497722453,0.030988));
#4786=CARTESIAN_POINT('',(-0.037596333771944,-0.0144350836053491,0.030988));
#4787=CARTESIAN_POINT('',(-0.037596333771944,-0.0144350836053491,0.030988));
#4788=CARTESIAN_POINT('',(-0.034737765061514,-0.0144350836053491,0.030988));
#4789=CARTESIAN_POINT('',(-0.000379883853230532,-0.0010907497722453,0.030988));
#4790=CARTESIAN_POINT('',(0.0215823635994196,0.0031243534758687,0.0254));
#4791=CARTESIAN_POINT('',(-0.0211814250797033,0.00320680439472198,0.0254));
#4792=CARTESIAN_POINT('',(0.,0.,0.));
#4793=CARTESIAN_POINT('',(0.,0.,0.));
#4794=CARTESIAN_POINT('',(0.,0.,0.));
#4795=MECHANICAL_DESIGN_GEOMETRIC_PRESENTATION_REPRESENTATION('',(#3026,
#3027),#4796);
#4796=(
GEOMETRIC_REPRESENTATION_CONTEXT(3)
GLOBAL_UNCERTAINTY_ASSIGNED_CONTEXT((#4799))
GLOBAL_UNIT_ASSIGNED_CONTEXT((#4804,#4803,#4802))
REPRESENTATION_CONTEXT('Assembly 1 Copy 1','TOP_LEVEL_ASSEMBLY_PART')
);
#4797=(
GEOMETRIC_REPRESENTATION_CONTEXT(3)
GLOBAL_UNCERTAINTY_ASSIGNED_CONTEXT((#4800))
GLOBAL_UNIT_ASSIGNED_CONTEXT((#4804,#4803,#4802))
REPRESENTATION_CONTEXT('Part 6','COMPONENT_PART')
);
#4798=(
GEOMETRIC_REPRESENTATION_CONTEXT(3)
GLOBAL_UNCERTAINTY_ASSIGNED_CONTEXT((#4801))
GLOBAL_UNIT_ASSIGNED_CONTEXT((#4804,#4803,#4802))
REPRESENTATION_CONTEXT('Part 7','COMPONENT_PART')
);
#4799=UNCERTAINTY_MEASURE_WITH_UNIT(LENGTH_MEASURE(1.E-8),#4804,
'DISTANCE_ACCURACY_VALUE','Maximum Tolerance applied to model');
#4800=UNCERTAINTY_MEASURE_WITH_UNIT(LENGTH_MEASURE(1.E-8),#4804,
'DISTANCE_ACCURACY_VALUE','Maximum Tolerance applied to model');
#4801=UNCERTAINTY_MEASURE_WITH_UNIT(LENGTH_MEASURE(1.E-8),#4804,
'DISTANCE_ACCURACY_VALUE','Maximum Tolerance applied to model');
#4802=(
NAMED_UNIT(*)
SI_UNIT($,.STERADIAN.)
SOLID_ANGLE_UNIT()
);
#4803=(
NAMED_UNIT(*)
PLANE_ANGLE_UNIT()
SI_UNIT($,.RADIAN.)
);
#4804=(
LENGTH_UNIT()
NAMED_UNIT(*)
SI_UNIT($,.METRE.)
);
#4805=PRODUCT_DEFINITION_SHAPE('','',#4812);
#4806=PRODUCT_DEFINITION_SHAPE('','',#4813);
#4807=PRODUCT_DEFINITION_SHAPE(' ','NAUO PRDDFN',#15);
#4808=PRODUCT_DEFINITION_SHAPE('','',#4814);
#4809=PRODUCT_DEFINITION_SHAPE(' ','NAUO PRDDFN',#16);
#4810=PRODUCT_DEFINITION_SHAPE(' ','NAUO PRDDFN',#17);
#4811=PRODUCT_DEFINITION_SHAPE(' ','NAUO PRDDFN',#18);
#4812=PRODUCT_DEFINITION('','',#4818,#4815);
#4813=PRODUCT_DEFINITION('','',#4819,#4816);
#4814=PRODUCT_DEFINITION('','',#4820,#4817);
#4815=PRODUCT_DEFINITION_CONTEXT('',#4834,'design');
#4816=PRODUCT_DEFINITION_CONTEXT('',#4834,'design');
#4817=PRODUCT_DEFINITION_CONTEXT('',#4834,'design');
#4818=PRODUCT_DEFINITION_FORMATION_WITH_SPECIFIED_SOURCE('','',#4824,
 .NOT_KNOWN.);
#4819=PRODUCT_DEFINITION_FORMATION_WITH_SPECIFIED_SOURCE('','',#4825,
 .NOT_KNOWN.);
#4820=PRODUCT_DEFINITION_FORMATION_WITH_SPECIFIED_SOURCE('','',#4826,
 .NOT_KNOWN.);
#4821=PRODUCT_RELATED_PRODUCT_CATEGORY('','',(#4824));
#4822=PRODUCT_RELATED_PRODUCT_CATEGORY('','',(#4825));
#4823=PRODUCT_RELATED_PRODUCT_CATEGORY('','',(#4826));
#4824=PRODUCT('Assembly 1 Copy 1','Assembly 1 Copy 1',
'Assembly 1 Copy 1',(#4830));
#4825=PRODUCT('Part 6','Part 6','Part 6',(#4831));
#4826=PRODUCT('Part 7','Part 7','Part 7',(#4832));
#4827=PRODUCT_CATEGORY('','');
#4828=PRODUCT_CATEGORY('','');
#4829=PRODUCT_CATEGORY('','');
#4830=PRODUCT_CONTEXT('',#4834,'mechanical');
#4831=PRODUCT_CONTEXT('',#4834,'mechanical');
#4832=PRODUCT_CONTEXT('',#4834,'mechanical');
#4833=APPLICATION_PROTOCOL_DEFINITION('international standard',
'ap242_managed_model_based_3d_engineering',2020,#4834);
#4834=APPLICATION_CONTEXT('managed model based 3d engineering');
ENDSEC;
END-ISO-10303-21;
